Workbook

Sheet LEYENDA
A1: 📋 LEYENDA DE ESTATUS — PROYECTO PAIG FASE II
A3: ESTATUS | B3: COLOR | C3: DESCRIPCIÓN | D3: ACCIÓN REQUERIDA
A4: INSTALADO - OPERANDO | B4: ● | C4: Instalación confirmada y equipo con señal activa. | D4: Ninguna — sitio completado.
A5: INSTALADO - SIN SEÑAL | B5: ● | C5: Equipo instalado pero sin señal. Ticket Mesa de Ayuda pendiente. | D5: Abrir/dar seguimiento a ticket MDA.
A6: EQUIPO EN ALMACÉN | B6: ● | C6: Equipo entregado al almacén, pendiente de instalación. | D6: Programar visita de instalación.
A7: PROGRAMADO | B7: ● | C7: Visita de instalación agendada. | D7: Confirmar fecha y asistir.
A8: VISITADO | B8: ● | C8: Se realizó visita pero no se pudo concluir la instalación. | D8: Registrar causa e reagendar.
A9: SIN INMUEBLE | B9: ● | C9: No existe instalación física en el sitio. | D9: Escalar para resolución con autoridades.
A11: 📌 INSTRUCCIONES DE USO
A12: 1. Cada responsable de GRT accede a su pestaña (ej. GRT Central).
A13: 2. Localiza el sitio correspondiente y selecciona el ESTATUS en la columna K usando la lista desplegable.
A14: 3. Registra la FECHA DE ACTUALIZACIÓN en la columna L (formato DD/MM/AAAA).
A15: 4. Agrega un COMENTARIO breve en la columna M si es necesario.
A16: 5. El DASHBOARD EJECUTIVO se actualiza automáticamente al guardar.
A17: 6. NO modificar columnas A-J (datos de identificación del sitio).
A18: 7. Compartir el archivo en SharePoint/Teams y activar co-autoría para edición simultánea.

Sheet DASHBOARD
A1: daniel
B2: TABLERO EJECUTIVO — PROYECTO PAIG FASE II
B3: Última actualización: 27/04/2026 | CFE Transmisión | 4,230 Sitios
B5: META TOTAL | D5: INSTALADOS OPERANDO | G5: EQ. EN ALMACÉN | J5: SITIOS CANCELADOS
B6: 4230 | D6: =CONSOLIDADO!C13+CONSOLIDADO!D13 -> 1289 | G6: =ENTREGA_ALMACÉN!F33-(CONSOLIDADO!C13+CONSOLIDADO!D13) -> 2571 | J6: =CONSOLIDADO!O13 -> 0
B7: sitios a instalar | D7: =TEXT((CONSOLIDADO!C13+CONSOLIDADO!D13)/4230,"0.0%")&" — del total" -> 30.5% — del total | G7: =TEXT((ENTREGA_ALMACÉN!F33-(CONSOLIDADO!C13+CONSOLIDADO!D13))/4230,"0.0%")&" — pend." -> 60.8% — pend. | J7: =TEXT(CONSOLIDADO!O13/4230,"0.0%")&" — del total" -> 0.0% — del total
B9: AVANCE POR GERENCIA REGIONAL DE TRANSMISIÓN
B10: GERENCIA | C10: TOTAL SITIOS | D10: INSTALADOS OPERANDO | E10: % INST. | F10: INSTALADO SIN SEÑAL | G10: VISITA FALLIDA | H10: SIN INMUEBLE | I10: EQ. EN ALMACÉN | J10: TOTAL ENTREGADO | K10: % EQ. ENTREG.
B11: GRT Central | C11: 1130 | D11: =IF(CONSOLIDADO!C5+CONSOLIDADO!D5=0,"—",CONSOLIDADO!C5+CONSOLIDADO!D5) -> 858 | E11: =IF(C11=0,"—",TEXT((CONSOLIDADO!C5+CONSOLIDADO!D5)/C11,"0.0%")) -> 75.9% | F11: =IF(CONSOLIDADO!D5=0,"—",CONSOLIDADO!D5) -> 89 | G11: =IF(CONSOLIDADO!G5=0,"—",CONSOLIDADO!G5) -> 20 | H11: =IF(CONSOLIDADO!H5=0,"—",CONSOLIDADO!H5) -> — | I11: =IF(CONSOLIDADO!E5=0,"—",CONSOLIDADO!E5) -> 265 | J11: =IF(CONSOLIDADO!C5+CONSOLIDADO!D5+CONSOLIDADO!E5=0,"—",CONSOLIDADO!C5+CONSOLIDADO!D5+CONSOLIDADO!E5) -> 1123 | K11: =IF(C11=0,"—",TEXT((CONSOLIDADO!C5+CONSOLIDADO!D5+CONSOLIDADO!E5)/C11,"0.0%")) -> 99.4%
B12: GRT Occidente | C12: 779 | D12: =IF(CONSOLIDADO!C6+CONSOLIDADO!D6=0,"—",CONSOLIDADO!C6+CONSOLIDADO!D6) -> 100 | E12: =IF(C12=0,"—",TEXT((CONSOLIDADO!C6+CONSOLIDADO!D6)/C12,"0.0%")) -> 12.8% | F12: =IF(CONSOLIDADO!D6=0,"—",CONSOLIDADO!D6) -> 20 | G12: =IF(CONSOLIDADO!G6=0,"—",CONSOLIDADO!G6) -> — | H12: =IF(CONSOLIDADO!H6=0,"—",CONSOLIDADO!H6) -> — | I12: =IF(CONSOLIDADO!E6=0,"—",CONSOLIDADO!E6) -> 631 | J12: =IF(CONSOLIDADO!C6+CONSOLIDADO!D6+CONSOLIDADO!E6=0,"—",CONSOLIDADO!C6+CONSOLIDADO!D6+CONSOLIDADO!E6) -> 731 | K12: =IF(C12=0,"—",TEXT((CONSOLIDADO!C6+CONSOLIDADO!D6+CONSOLIDADO!E6)/C12,"0.0%")) -> 93.8%
B13: GRT Oriente | C13: 395 | D13: =IF(CONSOLIDADO!C7+CONSOLIDADO!D7=0,"—",CONSOLIDADO!C7+CONSOLIDADO!D7) -> 84 | E13: =IF(C13=0,"—",TEXT((CONSOLIDADO!C7+CONSOLIDADO!D7)/C13,"0.0%")) -> 21.3% | F13: =IF(CONSOLIDADO!D7=0,"—",CONSOLIDADO!D7) -> 12 | G13: =IF(CONSOLIDADO!G7=0,"—",CONSOLIDADO!G7) -> — | H13: =IF(CONSOLIDADO!H7=0,"—",CONSOLIDADO!H7) -> — | I13: =IF(CONSOLIDADO!E7=0,"—",CONSOLIDADO!E7) -> 275 | J13: =IF(CONSOLIDADO!C7+CONSOLIDADO!D7+CONSOLIDADO!E7=0,"—",CONSOLIDADO!C7+CONSOLIDADO!D7+CONSOLIDADO!E7) -> 359 | K13: =IF(C13=0,"—",TEXT((CONSOLIDADO!C7+CONSOLIDADO!D7+CONSOLIDADO!E7)/C13,"0.0%")) -> 90.9%
B14: GRT Valle de México | C14: 735 | D14: =IF(CONSOLIDADO!C8+CONSOLIDADO!D8=0,"—",CONSOLIDADO!C8+CONSOLIDADO!D8) -> 77 | E14: =IF(C14=0,"—",TEXT((CONSOLIDADO!C8+CONSOLIDADO!D8)/C14,"0.0%")) -> 10.5% | F14: =IF(CONSOLIDADO!D8=0,"—",CONSOLIDADO!D8) -> 3 | G14: =IF(CONSOLIDADO!G8=0,"—",CONSOLIDADO!G8) -> — | H14: =IF(CONSOLIDADO!H8=0,"—",CONSOLIDADO!H8) -> — | I14: =IF(CONSOLIDADO!E8=0,"—",CONSOLIDADO!E8) -> 460 | J14: =IF(CONSOLIDADO!C8+CONSOLIDADO!D8+CONSOLIDADO!E8=0,"—",CONSOLIDADO!C8+CONSOLIDADO!D8+CONSOLIDADO!E8) -> 537 | K14: =IF(C14=0,"—",TEXT((CONSOLIDADO!C8+CONSOLIDADO!D8+CONSOLIDADO!E8)/C14,"0.0%")) -> 73.1%
B15: GRT Noroeste | C15: 367 | D15: =IF(CONSOLIDADO!C9+CONSOLIDADO!D9=0,"—",CONSOLIDADO!C9+CONSOLIDADO!D9) -> 63 | E15: =IF(C15=0,"—",TEXT((CONSOLIDADO!C9+CONSOLIDADO!D9)/C15,"0.0%")) -> 17.2% | F15: =IF(CONSOLIDADO!D9=0,"—",CONSOLIDADO!D9) -> 3 | G15: =IF(CONSOLIDADO!G9=0,"—",CONSOLIDADO!G9) -> — | H15: =IF(CONSOLIDADO!H9=0,"—",CONSOLIDADO!H9) -> 2 | I15: =IF(CONSOLIDADO!E9=0,"—",CONSOLIDADO!E9) -> 284 | J15: =IF(CONSOLIDADO!C9+CONSOLIDADO!D9+CONSOLIDADO!E9=0,"—",CONSOLIDADO!C9+CONSOLIDADO!D9+CONSOLIDADO!E9) -> 347 | K15: =IF(C15=0,"—",TEXT((CONSOLIDADO!C9+CONSOLIDADO!D9+CONSOLIDADO!E9)/C15,"0.0%")) -> 94.6%
B16: GRT Norte | C16: 291 | D16: =IF(CONSOLIDADO!C10+CONSOLIDADO!D10=0,"—",CONSOLIDADO!C10+CONSOLIDADO!D10) -> 22 | E16: =IF(C16=0,"—",TEXT((CONSOLIDADO!C10+CONSOLIDADO!D10)/C16,"0.0%")) -> 7.6% | F16: =IF(CONSOLIDADO!D10=0,"—",CONSOLIDADO!D10) -> 3 | G16: =IF(CONSOLIDADO!G10=0,"—",CONSOLIDADO!G10) -> — | H16: =IF(CONSOLIDADO!H10=0,"—",CONSOLIDADO!H10) -> — | I16: =IF(CONSOLIDADO!E10=0,"—",CONSOLIDADO!E10) -> 269 | J16: =IF(CONSOLIDADO!C10+CONSOLIDADO!D10+CONSOLIDADO!E10=0,"—",CONSOLIDADO!C10+CONSOLIDADO!D10+CONSOLIDADO!E10) -> 291 | K16: =IF(C16=0,"—",TEXT((CONSOLIDADO!C10+CONSOLIDADO!D10+CONSOLIDADO!E10)/C16,"0.0%")) -> 100.0%
B17: GRT Noreste | C17: 257 | D17: =IF(CONSOLIDADO!C11+CONSOLIDADO!D11=0,"—",CONSOLIDADO!C11+CONSOLIDADO!D11) -> 42 | E17: =IF(C17=0,"—",TEXT((CONSOLIDADO!C11+CONSOLIDADO!D11)/C17,"0.0%")) -> 16.3% | F17: =IF(CONSOLIDADO!D11=0,"—",CONSOLIDADO!D11) -> — | G17: =IF(CONSOLIDADO!G11=0,"—",CONSOLIDADO!G11) -> 1 | H17: =IF(CONSOLIDADO!H11=0,"—",CONSOLIDADO!H11) -> 1 | I17: =IF(CONSOLIDADO!E11=0,"—",CONSOLIDADO!E11) -> 203 | J17: =IF(CONSOLIDADO!C11+CONSOLIDADO!D11+CONSOLIDADO!E11=0,"—",CONSOLIDADO!C11+CONSOLIDADO!D11+CONSOLIDADO!E11) -> 245 | K17: =IF(C17=0,"—",TEXT((CONSOLIDADO!C11+CONSOLIDADO!D11+CONSOLIDADO!E11)/C17,"0.0%")) -> 95.3%
B18: GRT Baja California | C18: 276 | D18: =IF(CONSOLIDADO!C12+CONSOLIDADO!D12=0,"—",CONSOLIDADO!C12+CONSOLIDADO!D12) -> 43 | E18: =IF(C18=0,"—",TEXT((CONSOLIDADO!C12+CONSOLIDADO!D12)/C18,"0.0%")) -> 15.6% | F18: =IF(CONSOLIDADO!D12=0,"—",CONSOLIDADO!D12) -> 14 | G18: =IF(CONSOLIDADO!G12=0,"—",CONSOLIDADO!G12) -> — | H18: =IF(CONSOLIDADO!H12=0,"—",CONSOLIDADO!H12) -> — | I18: =IF(CONSOLIDADO!E12=0,"—",CONSOLIDADO!E12) -> 184 | J18: =IF(CONSOLIDADO!C12+CONSOLIDADO!D12+CONSOLIDADO!E12=0,"—",CONSOLIDADO!C12+CONSOLIDADO!D12+CONSOLIDADO!E12) -> 227 | K18: =IF(C18=0,"—",TEXT((CONSOLIDADO!C12+CONSOLIDADO!D12+CONSOLIDADO!E12)/C18,"0.0%")) -> 82.2%
B19: TOTAL | C19: 4230 | D19: =CONSOLIDADO!C13+CONSOLIDADO!D13 -> 1289 | E19: =TEXT(D19/C19,"0.0%") -> 30.5% | F19: =IF(CONSOLIDADO!D13=0,"—",CONSOLIDADO!D13) -> 144 | G19: =IF(CONSOLIDADO!G13=0,"—",CONSOLIDADO!G13) -> 21 | H19: =IF(CONSOLIDADO!H13=0,"—",CONSOLIDADO!H13) -> 3 | I19: =CONSOLIDADO!E13 -> 2571 | J19: =CONSOLIDADO!C13+CONSOLIDADO!D13+CONSOLIDADO!E13 -> 3860 | K19: =TEXT(J19/C19,"0.0%") -> 91.3%
B21: CFE Transmisión | PAIG Fase II | Meta: 4,230 sitios | Límite GRT: 15 Jun 2026 | Cierre: 30 Jun 2026

Sheet RESUMEN_EJECUTIVO
B2: TABLERO EJECUTIVO — PROYECTO PAIG FASE II
B3: =TEXT(TODAY(),"DD/MM/YYYY")&" | CFE Transmisión | 4,230 Sitios" -> 12/05/2026 | CFE Transmisión | 4,230 Sitios
B5: EQUIPOS ASIGNADOS | D5: EQUIPOS ENTREGADOS | F5: INSTALADOS (Op+SS+Vis) | H5: EQ. EN ALMACÉN (Entr. - Inst.) | J5: CANCELADOS
B6: =CONSOLIDADO!B13 -> 4230 | D6: =ENTREGA_ALMACÉN!F33 -> 3860 | F6: =CONSOLIDADO!C13+CONSOLIDADO!D13+CONSOLIDADO!G13 -> 1310 | H6: =ENTREGA_ALMACÉN!F33-(CONSOLIDADO!C13+CONSOLIDADO!D13+CONSOLIDADO!G13) -> 2550 | J6: =CONSOLIDADO!O13 -> 0
B7: "100% — meta total" | D7: =TEXT(ENTREGA_ALMACÉN!F33/CONSOLIDADO!B13,"0.00%")&" — del asignado" -> 91.25% — del asignado | F7: =TEXT((CONSOLIDADO!C13+CONSOLIDADO!D13+CONSOLIDADO!G13)/CONSOLIDADO!B13,"0.00%")&" — del asignado" -> 30.97% — del asignado | H7: =TEXT((ENTREGA_ALMACÉN!F33-(CONSOLIDADO!C13+CONSOLIDADO!D13+CONSOLIDADO!G13))/ENTREGA_ALMACÉN!F33,"0.00%")&" — del entregado" -> 66.06% — del entregado | J7: =TEXT(CONSOLIDADO!O13/CONSOLIDADO!B13,"0.00%")&" — del asignado" -> 0.00% — del asignado
B9: AVANCE POR GERENCIA REGIONAL DE TRANSMISIÓN
B10: GERENCIA | C10: TOTAL SITIOS | D10: CANCELADOS | E10: INSTALADOS (Op+SS+Vis) | F10: % INST. /ASIGNADO | G10: TOTAL ENTREGADO | H10: % ENTR. /ASIGNADO | I10: EQ. EN ALMACÉN | J10: % ALM. /ENTREGADO
B11: =CONSOLIDADO!A5 -> GRT Central | C11: =CONSOLIDADO!B5 -> 1130 | D11: =CONSOLIDADO!O5 -> 0 | E11: =CONSOLIDADO!C5+CONSOLIDADO!D5+CONSOLIDADO!G5 -> 878 | F11: =IF(CONSOLIDADO!B5=0,0,(CONSOLIDADO!C5+CONSOLIDADO!D5+CONSOLIDADO!G5)/CONSOLIDADO!B5) -> 0.77699115 | G11: =ENTREGA_ALMACÉN!C37 -> 1123 | H11: =IF(CONSOLIDADO!B5=0,0,ENTREGA_ALMACÉN!C37/CONSOLIDADO!B5) -> 0.99380531 | I11: =MAX(0,ENTREGA_ALMACÉN!C37-(CONSOLIDADO!C5+CONSOLIDADO!D5+CONSOLIDADO!G5)) -> 245 | J11: =IF(ENTREGA_ALMACÉN!C37=0,0,MAX(0,ENTREGA_ALMACÉN!C37-(CONSOLIDADO!C5+CONSOLIDADO!D5+CONSOLIDADO!G5))/ENTREGA_ALMACÉN!C37) -> 0.21816563
B12: =CONSOLIDADO!A6 -> GRT Occidente | C12: =CONSOLIDADO!B6 -> 779 | D12: =CONSOLIDADO!O6 -> 0 | E12: =CONSOLIDADO!C6+CONSOLIDADO!D6+CONSOLIDADO!G6 -> 100 | F12: =IF(CONSOLIDADO!B6=0,0,(CONSOLIDADO!C6+CONSOLIDADO!D6+CONSOLIDADO!G6)/CONSOLIDADO!B6) -> 0.1283697 | G12: =ENTREGA_ALMACÉN!C38 -> 731 | H12: =IF(CONSOLIDADO!B6=0,0,ENTREGA_ALMACÉN!C38/CONSOLIDADO!B6) -> 0.93838254 | I12: =MAX(0,ENTREGA_ALMACÉN!C38-(CONSOLIDADO!C6+CONSOLIDADO!D6+CONSOLIDADO!G6)) -> 631 | J12: =IF(ENTREGA_ALMACÉN!C38=0,0,MAX(0,ENTREGA_ALMACÉN!C38-(CONSOLIDADO!C6+CONSOLIDADO!D6+CONSOLIDADO!G6))/ENTREGA_ALMACÉN!C38) -> 0.86320109
B13: =CONSOLIDADO!A7 -> GRT Oriente | C13: =CONSOLIDADO!B7 -> 395 | D13: =CONSOLIDADO!O7 -> 0 | E13: =CONSOLIDADO!C7+CONSOLIDADO!D7+CONSOLIDADO!G7 -> 84 | F13: =IF(CONSOLIDADO!B7=0,0,(CONSOLIDADO!C7+CONSOLIDADO!D7+CONSOLIDADO!G7)/CONSOLIDADO!B7) -> 0.21265823 | G13: =ENTREGA_ALMACÉN!C39 -> 359 | H13: =IF(CONSOLIDADO!B7=0,0,ENTREGA_ALMACÉN!C39/CONSOLIDADO!B7) -> 0.90886076 | I13: =MAX(0,ENTREGA_ALMACÉN!C39-(CONSOLIDADO!C7+CONSOLIDADO!D7+CONSOLIDADO!G7)) -> 275 | J13: =IF(ENTREGA_ALMACÉN!C39=0,0,MAX(0,ENTREGA_ALMACÉN!C39-(CONSOLIDADO!C7+CONSOLIDADO!D7+CONSOLIDADO!G7))/ENTREGA_ALMACÉN!C39) -> 0.76601671
B14: =CONSOLIDADO!A8 -> GRT Valle de México | C14: =CONSOLIDADO!B8 -> 735 | D14: =CONSOLIDADO!O8 -> 0 | E14: =CONSOLIDADO!C8+CONSOLIDADO!D8+CONSOLIDADO!G8 -> 77 | F14: =IF(CONSOLIDADO!B8=0,0,(CONSOLIDADO!C8+CONSOLIDADO!D8+CONSOLIDADO!G8)/CONSOLIDADO!B8) -> 0.1047619 | G14: =ENTREGA_ALMACÉN!C40 -> 537 | H14: =IF(CONSOLIDADO!B8=0,0,ENTREGA_ALMACÉN!C40/CONSOLIDADO!B8) -> 0.73061224 | I14: =MAX(0,ENTREGA_ALMACÉN!C40-(CONSOLIDADO!C8+CONSOLIDADO!D8+CONSOLIDADO!G8)) -> 460 | J14: =IF(ENTREGA_ALMACÉN!C40=0,0,MAX(0,ENTREGA_ALMACÉN!C40-(CONSOLIDADO!C8+CONSOLIDADO!D8+CONSOLIDADO!G8))/ENTREGA_ALMACÉN!C40) -> 0.8566108
B15: =CONSOLIDADO!A9 -> GRT Noroeste | C15: =CONSOLIDADO!B9 -> 367 | D15: =CONSOLIDADO!O9 -> 0 | E15: =CONSOLIDADO!C9+CONSOLIDADO!D9+CONSOLIDADO!G9 -> 63 | F15: =IF(CONSOLIDADO!B9=0,0,(CONSOLIDADO!C9+CONSOLIDADO!D9+CONSOLIDADO!G9)/CONSOLIDADO!B9) -> 0.17166213 | G15: =ENTREGA_ALMACÉN!C41 -> 347 | H15: =IF(CONSOLIDADO!B9=0,0,ENTREGA_ALMACÉN!C41/CONSOLIDADO!B9) -> 0.94550409 | I15: =MAX(0,ENTREGA_ALMACÉN!C41-(CONSOLIDADO!C9+CONSOLIDADO!D9+CONSOLIDADO!G9)) -> 284 | J15: =IF(ENTREGA_ALMACÉN!C41=0,0,MAX(0,ENTREGA_ALMACÉN!C41-(CONSOLIDADO!C9+CONSOLIDADO!D9+CONSOLIDADO!G9))/ENTREGA_ALMACÉN!C41) -> 0.8184438
B16: =CONSOLIDADO!A10 -> GRT Norte | C16: =CONSOLIDADO!B10 -> 291 | D16: =CONSOLIDADO!O10 -> 0 | E16: =CONSOLIDADO!C10+CONSOLIDADO!D10+CONSOLIDADO!G10 -> 22 | F16: =IF(CONSOLIDADO!B10=0,0,(CONSOLIDADO!C10+CONSOLIDADO!D10+CONSOLIDADO!G10)/CONSOLIDADO!B10) -> 0.075601375 | G16: =ENTREGA_ALMACÉN!C42 -> 291 | H16: =IF(CONSOLIDADO!B10=0,0,ENTREGA_ALMACÉN!C42/CONSOLIDADO!B10) -> 1 | I16: =MAX(0,ENTREGA_ALMACÉN!C42-(CONSOLIDADO!C10+CONSOLIDADO!D10+CONSOLIDADO!G10)) -> 269 | J16: =IF(ENTREGA_ALMACÉN!C42=0,0,MAX(0,ENTREGA_ALMACÉN!C42-(CONSOLIDADO!C10+CONSOLIDADO!D10+CONSOLIDADO!G10))/ENTREGA_ALMACÉN!C42) -> 0.92439863
B17: =CONSOLIDADO!A11 -> GRT Noreste | C17: =CONSOLIDADO!B11 -> 257 | D17: =CONSOLIDADO!O11 -> 0 | E17: =CONSOLIDADO!C11+CONSOLIDADO!D11+CONSOLIDADO!G11 -> 43 | F17: =IF(CONSOLIDADO!B11=0,0,(CONSOLIDADO!C11+CONSOLIDADO!D11+CONSOLIDADO!G11)/CONSOLIDADO!B11) -> 0.16731518 | G17: =ENTREGA_ALMACÉN!C43 -> 245 | H17: =IF(CONSOLIDADO!B11=0,0,ENTREGA_ALMACÉN!C43/CONSOLIDADO!B11) -> 0.95330739 | I17: =MAX(0,ENTREGA_ALMACÉN!C43-(CONSOLIDADO!C11+CONSOLIDADO!D11+CONSOLIDADO!G11)) -> 202 | J17: =IF(ENTREGA_ALMACÉN!C43=0,0,MAX(0,ENTREGA_ALMACÉN!C43-(CONSOLIDADO!C11+CONSOLIDADO!D11+CONSOLIDADO!G11))/ENTREGA_ALMACÉN!C43) -> 0.8244898
B18: =CONSOLIDADO!A12 -> GRT Baja California | C18: =CONSOLIDADO!B12 -> 276 | D18: =CONSOLIDADO!O12 -> 0 | E18: =CONSOLIDADO!C12+CONSOLIDADO!D12+CONSOLIDADO!G12 -> 43 | F18: =IF(CONSOLIDADO!B12=0,0,(CONSOLIDADO!C12+CONSOLIDADO!D12+CONSOLIDADO!G12)/CONSOLIDADO!B12) -> 0.1557971 | G18: =ENTREGA_ALMACÉN!C44 -> 227 | H18: =IF(CONSOLIDADO!B12=0,0,ENTREGA_ALMACÉN!C44/CONSOLIDADO!B12) -> 0.82246377 | I18: =MAX(0,ENTREGA_ALMACÉN!C44-(CONSOLIDADO!C12+CONSOLIDADO!D12+CONSOLIDADO!G12)) -> 184 | J18: =IF(ENTREGA_ALMACÉN!C44=0,0,MAX(0,ENTREGA_ALMACÉN!C44-(CONSOLIDADO!C12+CONSOLIDADO!D12+CONSOLIDADO!G12))/ENTREGA_ALMACÉN!C44) -> 0.81057269
B19: TOTAL GENERAL | C19: =CONSOLIDADO!B13 -> 4230 | D19: =CONSOLIDADO!O13 -> 0 | E19: =CONSOLIDADO!C13+CONSOLIDADO!D13+CONSOLIDADO!G13 -> 1310 | F19: =IF(CONSOLIDADO!B13=0,0,(CONSOLIDADO!C13+CONSOLIDADO!D13+CONSOLIDADO!G13)/CONSOLIDADO!B13) -> 0.30969267 | G19: =ENTREGA_ALMACÉN!F33 -> 3860 | H19: =IF(CONSOLIDADO!B13=0,0,ENTREGA_ALMACÉN!F33/CONSOLIDADO!B13) -> 0.91252955 | I19: =MAX(0,ENTREGA_ALMACÉN!F33-(CONSOLIDADO!C13+CONSOLIDADO!D13+CONSOLIDADO!G13)) -> 2550 | J19: =IF(ENTREGA_ALMACÉN!F33=0,0,MAX(0,ENTREGA_ALMACÉN!F33-(CONSOLIDADO!C13+CONSOLIDADO!D13+CONSOLIDADO!G13))/ENTREGA_ALMACÉN!F33) -> 0.66062176
B21: CFE Transmisión | PAIG Fase II | Meta: 4,230 sitios | Límite GRT: 15 Jun 2026 | Cierre: 30 Jun 2026

Sheet REPORTE_JEFE
B2: REPORTE EJECUTIVO — PROYECTO PAIG FASE II
B3: =TEXT(TODAY(),"DD/MM/YYYY")&" | CFE Transmisión | 4,230 Sitios" -> 12/05/2026 | CFE Transmisión | 4,230 Sitios
B5: EQUIPOS ASIGNADOS | C5: EQUIPOS ENTREGADOS | D5: EQUIPOS PENDIENTES DE ENTREGA | E5: % EQUIPOS ENTREGADOS | F5: INSTALADOS | G5: % INSTALADOS
G6: ASIGNADOS | H6: ENTREGADOS
B8: =CONSOLIDADO!B13 -> 4230 | C8: =ENTREGA_ALMACÉN!F33 -> 3860 | D8: =CONSOLIDADO!B13-ENTREGA_ALMACÉN!F33 -> 370 | E8: =TEXT(ENTREGA_ALMACÉN!F33/CONSOLIDADO!B13,"0.00%") -> 91.25% | F8: =CONSOLIDADO!C13+CONSOLIDADO!D13+CONSOLIDADO!G13 -> 1310 | G8: =TEXT((CONSOLIDADO!C13+CONSOLIDADO!D13+CONSOLIDADO!G13)/CONSOLIDADO!B13,"0.00%") -> 30.97% | H8: =TEXT((CONSOLIDADO!C13+CONSOLIDADO!D13+CONSOLIDADO!G13)/ENTREGA_ALMACÉN!F33,"0.00%") -> 33.94%
B9: DESGLOSE POR GERENCIA REGIONAL DE TRANSMISIÓN
B10: GERENCIA REGIONAL | C10: EQUIPOS ASIGNADOS | D10: EQUIPOS ENTREGADOS | E10: EQUIPOS PENDIENTES | F10: % EQUIPOS ENTREGADOS | G10: INSTALADOS | H10: % INST. ASIGNADOS | I10: % INST. ENTREGADOS
B11: =CONSOLIDADO!A5 -> GRT Central | C11: =CONSOLIDADO!B5 -> 1130 | D11: =ENTREGA_ALMACÉN!C37 -> 1123 | E11: =CONSOLIDADO!B5-ENTREGA_ALMACÉN!C37 -> 7 | F11: =IF(CONSOLIDADO!B5=0,0,ENTREGA_ALMACÉN!C37/CONSOLIDADO!B5) -> 0.99380531 | G11: =CONSOLIDADO!C5+CONSOLIDADO!D5+CONSOLIDADO!G5 -> 878 | H11: =IF(CONSOLIDADO!B5=0,0,(CONSOLIDADO!C5+CONSOLIDADO!D5+CONSOLIDADO!G5)/CONSOLIDADO!B5) -> 0.77699115 | I11: =IF(ENTREGA_ALMACÉN!C37=0,0,(CONSOLIDADO!C5+CONSOLIDADO!D5+CONSOLIDADO!G5)/ENTREGA_ALMACÉN!C37) -> 0.78183437
B12: =CONSOLIDADO!A6 -> GRT Occidente | C12: =CONSOLIDADO!B6 -> 779 | D12: =ENTREGA_ALMACÉN!C38 -> 731 | E12: =CONSOLIDADO!B6-ENTREGA_ALMACÉN!C38 -> 48 | F12: =IF(CONSOLIDADO!B6=0,0,ENTREGA_ALMACÉN!C38/CONSOLIDADO!B6) -> 0.93838254 | G12: =CONSOLIDADO!C6+CONSOLIDADO!D6+CONSOLIDADO!G6 -> 100 | H12: =IF(CONSOLIDADO!B6=0,0,(CONSOLIDADO!C6+CONSOLIDADO!D6+CONSOLIDADO!G6)/CONSOLIDADO!B6) -> 0.1283697 | I12: =IF(ENTREGA_ALMACÉN!C38=0,0,(CONSOLIDADO!C6+CONSOLIDADO!D6+CONSOLIDADO!G6)/ENTREGA_ALMACÉN!C38) -> 0.13679891
B13: =CONSOLIDADO!A7 -> GRT Oriente | C13: =CONSOLIDADO!B7 -> 395 | D13: =ENTREGA_ALMACÉN!C39 -> 359 | E13: =CONSOLIDADO!B7-ENTREGA_ALMACÉN!C39 -> 36 | F13: =IF(CONSOLIDADO!B7=0,0,ENTREGA_ALMACÉN!C39/CONSOLIDADO!B7) -> 0.90886076 | G13: =CONSOLIDADO!C7+CONSOLIDADO!D7+CONSOLIDADO!G7 -> 84 | H13: =IF(CONSOLIDADO!B7=0,0,(CONSOLIDADO!C7+CONSOLIDADO!D7+CONSOLIDADO!G7)/CONSOLIDADO!B7) -> 0.21265823 | I13: =IF(ENTREGA_ALMACÉN!C39=0,0,(CONSOLIDADO!C7+CONSOLIDADO!D7+CONSOLIDADO!G7)/ENTREGA_ALMACÉN!C39) -> 0.23398329
B14: =CONSOLIDADO!A8 -> GRT Valle de México | C14: =CONSOLIDADO!B8 -> 735 | D14: =ENTREGA_ALMACÉN!C40 -> 537 | E14: =CONSOLIDADO!B8-ENTREGA_ALMACÉN!C40 -> 198 | F14: =IF(CONSOLIDADO!B8=0,0,ENTREGA_ALMACÉN!C40/CONSOLIDADO!B8) -> 0.73061224 | G14: =CONSOLIDADO!C8+CONSOLIDADO!D8+CONSOLIDADO!G8 -> 77 | H14: =IF(CONSOLIDADO!B8=0,0,(CONSOLIDADO!C8+CONSOLIDADO!D8+CONSOLIDADO!G8)/CONSOLIDADO!B8) -> 0.1047619 | I14: =IF(ENTREGA_ALMACÉN!C40=0,0,(CONSOLIDADO!C8+CONSOLIDADO!D8+CONSOLIDADO!G8)/ENTREGA_ALMACÉN!C40) -> 0.1433892
B15: =CONSOLIDADO!A9 -> GRT Noroeste | C15: =CONSOLIDADO!B9 -> 367 | D15: =ENTREGA_ALMACÉN!C41 -> 347 | E15: =CONSOLIDADO!B9-ENTREGA_ALMACÉN!C41 -> 20 | F15: =IF(CONSOLIDADO!B9=0,0,ENTREGA_ALMACÉN!C41/CONSOLIDADO!B9) -> 0.94550409 | G15: =CONSOLIDADO!C9+CONSOLIDADO!D9+CONSOLIDADO!G9 -> 63 | H15: =IF(CONSOLIDADO!B9=0,0,(CONSOLIDADO!C9+CONSOLIDADO!D9+CONSOLIDADO!G9)/CONSOLIDADO!B9) -> 0.17166213 | I15: =IF(ENTREGA_ALMACÉN!C41=0,0,(CONSOLIDADO!C9+CONSOLIDADO!D9+CONSOLIDADO!G9)/ENTREGA_ALMACÉN!C41) -> 0.1815562
B16: =CONSOLIDADO!A10 -> GRT Norte | C16: =CONSOLIDADO!B10 -> 291 | D16: =ENTREGA_ALMACÉN!C42 -> 291 | E16: =CONSOLIDADO!B10-ENTREGA_ALMACÉN!C42 -> 0 | F16: =IF(CONSOLIDADO!B10=0,0,ENTREGA_ALMACÉN!C42/CONSOLIDADO!B10) -> 1 | G16: =CONSOLIDADO!C10+CONSOLIDADO!D10+CONSOLIDADO!G10 -> 22 | H16: =IF(CONSOLIDADO!B10=0,0,(CONSOLIDADO!C10+CONSOLIDADO!D10+CONSOLIDADO!G10)/CONSOLIDADO!B10) -> 0.075601375 | I16: =IF(ENTREGA_ALMACÉN!C42=0,0,(CONSOLIDADO!C10+CONSOLIDADO!D10+CONSOLIDADO!G10)/ENTREGA_ALMACÉN!C42) -> 0.075601375
B17: =CONSOLIDADO!A11 -> GRT Noreste | C17: =CONSOLIDADO!B11 -> 257 | D17: =ENTREGA_ALMACÉN!C43 -> 245 | E17: =CONSOLIDADO!B11-ENTREGA_ALMACÉN!C43 -> 12 | F17: =IF(CONSOLIDADO!B11=0,0,ENTREGA_ALMACÉN!C43/CONSOLIDADO!B11) -> 0.95330739 | G17: =CONSOLIDADO!C11+CONSOLIDADO!D11+CONSOLIDADO!G11 -> 43 | H17: =IF(CONSOLIDADO!B11=0,0,(CONSOLIDADO!C11+CONSOLIDADO!D11+CONSOLIDADO!G11)/CONSOLIDADO!B11) -> 0.16731518 | I17: =IF(ENTREGA_ALMACÉN!C43=0,0,(CONSOLIDADO!C11+CONSOLIDADO!D11+CONSOLIDADO!G11)/ENTREGA_ALMACÉN!C43) -> 0.1755102
B18: =CONSOLIDADO!A12 -> GRT Baja California | C18: =CONSOLIDADO!B12 -> 276 | D18: =ENTREGA_ALMACÉN!C44 -> 227 | E18: =CONSOLIDADO!B12-ENTREGA_ALMACÉN!C44 -> 49 | F18: =IF(CONSOLIDADO!B12=0,0,ENTREGA_ALMACÉN!C44/CONSOLIDADO!B12) -> 0.82246377 | G18: =CONSOLIDADO!C12+CONSOLIDADO!D12+CONSOLIDADO!G12 -> 43 | H18: =IF(CONSOLIDADO!B12=0,0,(CONSOLIDADO!C12+CONSOLIDADO!D12+CONSOLIDADO!G12)/CONSOLIDADO!B12) -> 0.1557971 | I18: =IF(ENTREGA_ALMACÉN!C44=0,0,(CONSOLIDADO!C12+CONSOLIDADO!D12+CONSOLIDADO!G12)/ENTREGA_ALMACÉN!C44) -> 0.18942731
B19: TOTAL GENERAL | C19: =CONSOLIDADO!B13 -> 4230 | D19: =ENTREGA_ALMACÉN!F33 -> 3860 | E19: =CONSOLIDADO!B13-ENTREGA_ALMACÉN!F33 -> 370 | F19: =IF(CONSOLIDADO!B13=0,0,ENTREGA_ALMACÉN!F33/CONSOLIDADO!B13) -> 0.91252955 | G19: =CONSOLIDADO!C13+CONSOLIDADO!D13+CONSOLIDADO!G13 -> 1310 | H19: =IF(CONSOLIDADO!B13=0,0,(CONSOLIDADO!C13+CONSOLIDADO!D13+CONSOLIDADO!G13)/CONSOLIDADO!B13) -> 0.30969267 | I19: =IF(ENTREGA_ALMACÉN!F33=0,0,(CONSOLIDADO!C13+CONSOLIDADO!D13+CONSOLIDADO!G13)/ENTREGA_ALMACÉN!F33) -> 0.33937824
B22: CFE Transmisión | PAIG Fase II | Meta: 4,230 sitios | Límite GRT: 15 Jun 2026 | Cierre: 30 Jun 2026

Sheet BD_CONTROL
A1: BASE DE DATOS CONTROL — PROYECTO PAIG FASE II | Instalación de Internet en 4,230 Sitios
A3: ⚠ NO modificar columnas A–J | Solo actualizar: K (Estatus) · L (Fecha) · M (Comentarios)
A5: CLAVE | B5: ID PUNTO | C5: NOMBRE DEL SITIO | D5: ESTADO | E5: MUNICIPIO | F5: LOCALIDAD | G5: ÁMBITO | H5: GERENCIA (GRT) | I5: ALMACÉN | J5: INSTITUCIÓN | K5: ▼ ESTATUS | L5: FECHA ACTUALIZACIÓN | M5: COMENTARIOS
A6: 02DTV0005P | B6: 513069 | C6: TELESECUNDARIA 101 INDE CAR TIJUANA | D6: BAJA CALIFORNIA | E6: TIJUANA | F6: MESA DE OTAY | G6: URBANO | H6: GRT Baja California | I6: ALMACEN ZT VALLE | J6: TELEESCUELA
A7: 02DTV0006O | B7: 513511 | C7: TELESECUNDARIA 102 | D7: BAJA CALIFORNIA | E7: ENSENADA | F7: ZARAHEMLA | G7: RURAL | H7: GRT Baja California | I7: ALMACEN ZT VALLE | J7: TELEESCUELA
A8: 02DTV0009L | B8: 513470 | C8: TELESECUNDARIA 105 | D8: BAJA CALIFORNIA | E8: ENSENADA | F8: MANEADERO | G8: RURAL | H8: GRT Baja California | I8: ALMACEN ZT VALLE | J8: TELEESCUELA
A9: 02DTV0011Z | B9: 513507 | C9: TELESECUNDARIA 107 | D9: BAJA CALIFORNIA | E9: ENSENADA | F9: EL ROSARIO DE ABAJO | G9: RURAL | H9: GRT Baja California | I9: ALMACEN ZT VALLE | J9: TELEESCUELA
A10: 02DTV0012Z | B10: 513515 | C10: TELESECUNDARIA 108 | D10: BAJA CALIFORNIA | E10: ENSENADA | F10: EJIDO VENUSTIANO CARRANZA | G10: RURAL | H10: GRT Baja California | I10: ALMACEN ZT VALLE | J10: TELEESCUELA
A11: 02DTV0013Y | B11: 513004 | C11: TELESECUNDARIA 109 | D11: BAJA CALIFORNIA | E11: TIJUANA | F11: TIJUANA | G11: RURAL | H11: GRT Baja California | I11: ALMACEN ZT VALLE | J11: TELEESCUELA | K11: Instalado - Operando | L11: 46150
A12: 02DTV0014X | B12: 513501 | C12: TELESECUNDARIA FEDERAL 110 | D12: BAJA CALIFORNIA | E12: TECATE | F12: TECATE | G12: URBANO | H12: GRT Baja California | I12: ALMACEN ZT VALLE | J12: TELEESCUELA
A13: 02DTV0015W | B13: 513478 | C13: TELESECUNDARIA 111 | D13: BAJA CALIFORNIA | E13: ENSENADA | F13: SAN CARLOS | G13: RURAL | H13: GRT Baja California | I13: ALMACEN ZT VALLE | J13: TELEESCUELA
A14: 02DTV0016V | B14: 513509 | C14: TELESECUNDARIA 112 | D14: BAJA CALIFORNIA | E14: ENSENADA | F14: EJIDO RODOLFO SANCHEZ TABOADA | G14: RURAL | H14: GRT Baja California | I14: ALMACEN ZT VALLE | J14: TELEESCUELA
A15: 02DTV0017U | B15: 513466 | C15: TELESECUNDARIA 113 | D15: BAJA CALIFORNIA | E15: ENSENADA | F15: EJIDO BENITO JUAREZ | G15: RURAL | H15: GRT Baja California | I15: ALMACEN ZT VALLE | J15: TELEESCUELA
A16: 02DTV0019S | B16: 513428 | C16: TETELESECUNDARIA 115 | D16: BAJA CALIFORNIA | E16: TIJUANA | F16: TIJUANA | G16: RURAL | H16: GRT Baja California | I16: ALMACEN ZT VALLE | J16: TELEESCUELA
A17: 02DTV0021G | B17: 513535 | C17: ESCUELA TELESECUNDARIA 117 | D17: BAJA CALIFORNIA | E17: TIJUANA | F17: VALLE IMPERIAL | G17: RURAL | H17: GRT Baja California | I17: ALMACEN ZT VALLE | J17: TELEESCUELA
A18: 02DTV0022F | B18: 513014 | C18: TELESECUNDARIA 118 | D18: BAJA CALIFORNIA | E18: TIJUANA | F18: EJIDO LAZARO CARDENAS | G18: RURAL | H18: GRT Baja California | I18: ALMACEN ZT VALLE | J18: TELEESCUELA
A19: 02DTV0023E | B19: 513493 | C19: TELESECUNDARIA 119 | D19: BAJA CALIFORNIA | E19: PLAYAS DE ROSARITO | F19: PLAYAS DE ROSARITO | G19: RURAL | H19: GRT Baja California | I19: ALMACEN ZT VALLE | J19: TELEESCUELA
A20: 02ETK0001M | B20: 513438 | C20: TELEBACHILLERATO COMUNITARIO VILLA ZAPATA | D20: BAJA CALIFORNIA | E20: MEXICALI | F20: VILLA ZAPATA MESA ARENOSA DE ANDRADE | G20: RURAL | H20: GRT Baja California | I20: ALMACEN ZT VALLE | J20: TELEESCUELA
A21: 02ETK0003K | B21: 513421 | C21: TELEBACHILLERATO COMUNITARIO DE LAS CRUCES 3 | D21: BAJA CALIFORNIA | E21: TIJUANA | F21: TIJUANA | G21: URBANO | H21: GRT Baja California | I21: ALMACEN ZT VALLE | J21: TELEESCUELA
A22: 02ETK0004J | B22: 513474 | C22: TELEBACHILLERATO COMUNITARIO GOMEZ MORIN | D22: BAJA CALIFORNIA | E22: ENSENADA | F22: ENSENADA | G22: RURAL | H22: GRT Baja California | I22: ALMACEN ZT VALLE | J22: TELEESCUELA
A23: 02ETK0006H | B23: 513445 | C23: TELEBACHILLERATO COMUNITARIO CORONITAS | D23: BAJA CALIFORNIA | E23: MEXICALI | F23: EJIDO HERIBERTO JARA | G23: RURAL | H23: GRT Baja California | I23: ALMACEN ZT VALLE | J23: TELEESCUELA | K23: Instalado - Operando | L23: 46150
A24: 02ETK0007G | B24: 513463 | C24: TELEBACHILLERATO COMUNITARIO CHIAPAS | D24: BAJA CALIFORNIA | E24: MEXICALI | F24: EJIDO CHIAPAS 2 LAS CACHORAS | G24: RURAL | H24: GRT Baja California | I24: ALMACEN ZT VALLE | J24: TELEESCUELA
A25: 02ETK0008F | B25: 513523 | C25: TBC GONZALEZ ORTEGA | D25: BAJA CALIFORNIA | E25: MEXICALI | F25: GONZALEZ ORTEGA 01 | G25: RURAL | H25: GRT Baja California | I25: ALMACEN ZT VALLE | J25: TELEESCUELA | K25: Instalado - Sin Señal | L25: 46148
A26: 02ETK0009E | B26: 513498 | C26: ENCINAL 09 | D26: BAJA CALIFORNIA | E26: TECATE | F26: ENCINAL | G26: RURAL | H26: GRT Baja California | I26: ALMACEN ZT VALLE | J26: TELEESCUELA
A27: 02ETK0010U | B27: 512955 | C27: TELEBACHILLERATO COMUNITARIO LAS CUMBRES | D27: BAJA CALIFORNIA | E27: TIJUANA | F27: LAS CUMBRES | G27: URBANO | H27: GRT Baja California | I27: ALMACEN ZT VALLE | J27: TELEESCUELA
A28: 02ETK0011T | B28: 513393 | C28: TBC VISTA ENCANTADA | D28: BAJA CALIFORNIA | E28: TIJUANA | F28: TIJUANA | G28: RURAL | H28: GRT Baja California | I28: ALMACEN ZT VALLE | J28: TELEESCUELA
A29: 02ETK0012S | B29: 513383 | C29: GENARO VAZQUEZ | D29: BAJA CALIFORNIA | E29: TIJUANA | F29: TIJUANA | G29: RURAL | H29: GRT Baja California | I29: ALMACEN ZT VALLE | J29: TELEESCUELA
A30: 02ETK0014Q | B30: 513376 | C30: CAMINO VERDE | D30: BAJA CALIFORNIA | E30: TIJUANA | F30: TIJUANA | G30: URBANO | H30: GRT Baja California | I30: ALMACEN ZT VALLE | J30: TELEESCUELA
A31: 02ETK0015P | B31: 513504 | C31: TELEBACHILLERATO COMUNITARIO AJUSCO | D31: BAJA CALIFORNIA | E31: ENSENADA | F31: EJIDO EL AJUSCO | G31: RURAL | H31: GRT Baja California | I31: ALMACEN ZT VALLE | J31: TELEESCUELA
A32: 02ETK0016O | B32: 513506 | C32: TELEBACHILLERATO ARTICULO 115 NUMERO 16 | D32: BAJA CALIFORNIA | E32: ENSENADA | F32: ENSENADA | G32: RURAL | H32: GRT Baja California | I32: ALMACEN ZT VALLE | J32: TELEESCUELA
A33: 02ETV0003Q | B33: 513492 | C33: TELESECUNDARIA NO 3 LIBERTADORES | D33: BAJA CALIFORNIA | E33: TECATE | F33: NUEVA COLONIA HINDU | G33: RURAL | H33: GRT Baja California | I33: ALMACEN ZT VALLE | J33: TELEESCUELA
A34: 02ETV0004P | B34: 513467 | C34: TELESECUNDARIA 4 | D34: BAJA CALIFORNIA | E34: ENSENADA | F34: EJIDO LA MISION | G34: RURAL | H34: GRT Baja California | I34: ALMACEN ZT VALLE | J34: TELEESCUELA
A35: 02ETV0006N | B35: 513426 | C35: TELESECUNDARIA 6 | D35: BAJA CALIFORNIA | E35: TIJUANA | F35: TIJUANA | G35: URBANO | H35: GRT Baja California | I35: ALMACEN ZT VALLE | J35: TELEESCUELA
A36: 02ETV0007M | B36: 513503 | C36: TELESECUNDARIA 44 | D36: BAJA CALIFORNIA | E36: ENSENADA | F36: PUERTA TRAMPA | G36: RURAL | H36: GRT Baja California | I36: ALMACEN ZT VALLE | J36: TELEESCUELA
A37: 02ETV0008L | B37: 513482 | C37: TELESECUNDARIA 8 | D37: BAJA CALIFORNIA | E37: ENSENADA | F37: EJIDO HEROES DE LA INDEPENDENCIA | G37: RURAL | H37: GRT Baja California | I37: ALMACEN ZT VALLE | J37: TELEESCUELA
... A43: 02ETV0019R | B43: 513377 | C43: TELESECUNDARIA NO 27 BENITO JUAREZ | D43: BAJA CALIFORNIA | E43: TIJUANA | F43: TIJUANA | G43: URBANO | H43: GRT Baja California | I43: ALMACEN ZT VALLE | J43: TELEESCUELA
A44: 02ETV0020G | B44: 513477 | C44: TELESECUNDARIA 20 | D44: BAJA CALIFORNIA | E44: ENSENADA | F44: ENSENADA | G44: RURAL | H44: GRT Baja California | I44: ALMACEN ZT VALLE | J44: TELEESCUELA | K44: Instalado - Operando | L44: 46150
A45: 02ETV0021F | B45: 513479 | C45: TELESECUNDARIA 19 | D45: BAJA CALIFORNIA | E45: ENSENADA | F45: ENSENADA | G45: URBANO | H45: GRT Baja California | I45: ALMACEN ZT VALLE | J45: TELEESCUELA
A46: 02ETV0022E | B46: 513505 | C46: TELESECUNDARIA 21 | D46: BAJA CALIFORNIA | E46: ENSENADA | F46: SAN ANTONIO DE LAS MINAS | G46: RURAL | H46: GRT Baja California | I46: ALMACEN ZT VALLE | J46: TELEESCUELA
A47: 02ETV0024C | B47: 513017 | C47: TELESECUNDARIA 23 PABLO PICASSO | D47: BAJA CALIFORNIA | E47: TIJUANA | F47: JARDINES DE LAS CRUCES | G47: URBANO | H47: GRT Baja California | I47: ALMACEN ZT VALLE | J47: TELEESCUELA
A48: 02ETV0025B | B48: 512895 | C48: TELESECUNDARIA 25 DAVID VALADEZ GARCIA | D48: BAJA CALIFORNIA | E48: TIJUANA | F48: PLAYAS DE TIJUANA | G48: URBANO | H48: GRT Baja California | I48: ALMACEN ZT VALLE | J48: TELEESCUELA
A49: 02ETV0026A | B49: 513419 | C49: TELESECUNDARIA 24 PABLO CASALS | D49: BAJA CALIFORNIA | E49: TIJUANA | F49: GENARO VAZQUEZ | G49: URBANO | H49: GRT Baja California | I49: ALMACEN ZT VALLE | J49: TELEESCUELA
A50: 02ETV0028Z | B50: 513378 | C50: TELESECUNDARIA 28 JUAN ERNESTO GAMALIEL ESPINOSA | D50: BAJA CALIFORNIA | E50: TIJUANA | F50: TIJUANA | G50: URBANO | H50: GRT Baja California | I50: ALMACEN ZT VALLE | J50: TELEESCUELA
A51: 02ETV0029Y | B51: 514270 | C51: TELE SECUNDARIA NO 29 | D51: BAJA CALIFORNIA | E51: ENSENADA | F51: SAN QUINTIN | G51: RURAL | H51: GRT Baja California | I51: ALMACEN ZT VALLE | J51: TELEESCUELA
A52: 02ETV0030N | B52: 513538 | C52: TELESECUNDARIA 30 VALENTIN GOMEZ FARIAS | D52: BAJA CALIFORNIA | E52: ENSENADA | F52: SANTA ROSALIITA | G52: RURAL | H52: GRT Baja California | I52: ALMACEN ZT VALLE | J52: TELEESCUELA
A53: 02ETV0032L | B53: 513512 | C53: TELE SECUNDARIA 32 | D53: BAJA CALIFORNIA | E53: ENSENADA | F53: SAN QUINTIN | G53: RURAL | H53: GRT Baja California | I53: ALMACEN ZT VALLE | J53: TELEESCUELA
A54: 02ETV0033K | B54: 513527 | C54: TELESECUNDARIA 33 | D54: BAJA CALIFORNIA | E54: ENSENADA | F54: VALLE DE LA TRINIDAD | G54: RURAL | H54: GRT Baja California | I54: ALMACEN ZT VALLE | J54: TELEESCUELA
A55: 02ETV0037G | B55: 513011 | C55: TELESECUNDARIA 37 SALVADOR NOVO | D55: BAJA CALIFORNIA | E55: TIJUANA | F55: TIJUANA | G55: URBANO | H55: GRT Baja California | I55: ALMACEN ZT VALLE | J55: TELEESCUELA
A56: 02ETV0038F | B56: 513539 | C56: TELESECUNDARIA 38 RAMON LOPEZ VELARDE | D56: BAJA CALIFORNIA | E56: TECATE | F56: EJIDO JACUME TECATE B C | G56: RURAL | H56: GRT Baja California | I56: ALMACEN ZT VALLE | J56: TELEESCUELA
A57: 02ETV0039E | B57: 513038 | C57: TELESECUNDARIA 39 | D57: BAJA CALIFORNIA | E57: TIJUANA | F57: TIJUANA | G57: URBANO | H57: GRT Baja California | I57: ALMACEN ZT VALLE | J57: TELEESCUELA | K57: Instalado - Operando | L57: 46148
A58: 02ETV0041T | B58: 513446 | C58: TELESECUNDARIA 41 | D58: BAJA CALIFORNIA | E58: MEXICALI | F58: VILLA ZAPATA | G58: RURAL | H58: GRT Baja California | I58: ALMACEN ZT VALLE | J58: TELEESCUELA
A59: 02ETV0042S | B59: 513447 | C59: TELESECUNDARIA 42 | D59: BAJA CALIFORNIA | E59: MEXICALI | F59: EJIDO HERIBERTO JARA EXTENSION CORONITAS | G59: RURAL | H59: GRT Baja California | I59: ALMACEN ZT VALLE | J59: TELEESCUELA | K59: Instalado - Operando | L59: 46150
A60: 02ETV0046O | B60: 513510 | C60: TELESECUNDARIA 51 | D60: BAJA CALIFORNIA | E60: ENSENADA | F60: VICENTE GUERRERO | G60: RURAL | H60: GRT Baja California | I60: ALMACEN ZT VALLE | J60: TELEESCUELA
A61: 02ETV0050A | B61: 513423 | C61: TELESECUNDARIA 55 MANUEL M. PONCE | D61: BAJA CALIFORNIA | E61: TIJUANA | F61: HEROES DE INDEPENDENCIA | G61: URBANO | H61: GRT Baja California | I61: ALMACEN ZT VALLE | J61: TELEESCUELA
A62: 02ETV0052Z | B62: 512956 | C62: TELESECUNDARIA 57 FEDERICO GARCIA LORCA | D62: BAJA CALIFORNIA | E62: TIJUANA | F62: TIJUANA | G62: URBANO | H62: GRT Baja California | I62: ALMACEN ZT VALLE | J62: TELEESCUELA
A63: 02ETV0053Y | B63: 513417 | C63: JOSE GOROSTIZA | D63: BAJA CALIFORNIA | E63: TIJUANA | F63: SUB DELAGACION DE LA VILLA | G63: URBANO | H63: GRT Baja California | I63: ALMACEN ZT VALLE | J63: TELEESCUELA
A64: 02ETV0056V | B64: 513517 | C64: TELESECUNDARIA NUMERO 59 | D64: BAJA CALIFORNIA | E64: ENSENADA | F64: LA CHORERA | G64: RURAL | H64: GRT Baja California | I64: ALMACEN ZT VALLE | J64: TELEESCUELA
A65: 02ETV0062F | B65: 513472 | C65: TELESECUNDARIA 65 | D65: BAJA CALIFORNIA | E65: ENSENADA | F65: EJIDO CORONEL ESTEBAN CANTU | G65: RURAL | H65: GRT Baja California | I65: ALMACEN ZT VALLE | J65: TELEESCUELA
A66: 02ETV0066B | B66: 513453 | C66: MARIANO ABASOLO | D66: BAJA CALIFORNIA | E66: MEXICALI | F66: COLONIA MARIANO ABASOLO | G66: RURAL | H66: GRT Baja California | I66: ALMACEN ZT VALLE | J66: TELEESCUELA
A67: 02ETV0067A | B67: 513452 | C67: TELESECUNDARIA HEBERTO CASTILLO | D67: BAJA CALIFORNIA | E67: MEXICALI | F67: CUCAPA EL MAYOR | G67: RURAL | H67: GRT Baja California | I67: ALMACEN ZT VALLE | J67: TELEESCUELA
A68: 02ETV0068Z | B68: 513524 | C68: TELESECUNDARIA 71 HECTOR TERAN TERAN | D68: BAJA CALIFORNIA | E68: MEXICALI | F68: GONZALEZ ORTEGA 1 | G68: RURAL | H68: GRT Baja California | I68: ALMACEN ZT VALLE | J68: TELEESCUELA | K68: Instalado - Sin Señal | L68: 46147 | M68: Queda pendiente validación por parte de Mesa de Servicio
A69: 02ETV0069Z | B69: 513499 | C69: TELESECUNDARIA 72 | D69: BAJA CALIFORNIA | E69: TECATE | F69: EJIDO ENCINAL | G69: RURAL | H69: GRT Baja California | I69: ALMACEN ZT VALLE | J69: TELEESCUELA
A70: 02ETV0072M | B70: 513513 | C70: TELESECUNDARIA 76 | D70: BAJA CALIFORNIA | E70: ENSENADA | F70: SAN QUINTIN | G70: RURAL | H70: GRT Baja California | I70: ALMACEN ZT VALLE | J70: TELEESCUELA
A71: 02ETV0076I | B71: 513514 | C71: TELESECUNDARIA 7 | D71: BAJA CALIFORNIA | E71: ENSENADA | F71: EJIDO FRANCISCO VILLA | G71: RURAL | H71: GRT Baja California | I71: ALMACEN ZT VALLE | J71: TELEESCUELA
A72: 02ETV0077H | B72: 514211 | C72: TELESECUNDARIA 14 | D72: BAJA CALIFORNIA | E72: ENSENADA | F72: ENSENADA | G72: URBANO | H72: GRT Baja California | I72: ALMACEN ZT VALLE | J72: TELEESCUELA | K72: Instalado - Operando | L72: 46150
A73: 02ETV0079F | B73: 513418 | C73: TELESECUNDARIA 17 JAIME SABINES | D73: BAJA CALIFORNIA | E73: TIJUANA | F73: TIJUANNA | G73: RURAL | H73: GRT Baja California | I73: ALMACEN ZT VALLE | J73: TELEESCUELA
A74: 02ETV0080V | B74: 513431 | C74: TELESECUNDARIA 35 JUAN JOSE ARREOLA | D74: BAJA CALIFORNIA | E74: TIJUANA | F74: TIJUANA | G74: URBANO | H74: GRT Baja California | I74: ALMACEN ZT VALLE | J74: TELEESCUELA
A75: 02ETV0081U | B75: 513475 | C75: 02ETV0081U | D75: BAJA CALIFORNIA | E75: ENSENADA | F75: ENSENADA | G75: URBANO | H75: GRT Baja California | I75: ALMACEN ZT VALLE | J75: TELEESCUELA
A76: 02ETV0082T | B76: 513432 | C76: TELESECUNDARIA 84 REYNA CALAFIA | D76: BAJA CALIFORNIA | E76: TIJUANA | F76: TIJUANA | G76: RURAL | H76: GRT Baja California | I76: ALMACEN ZT VALLE | J76: TELEESCUELA | K76: Instalado - Operando | L76: 46149
A77: 02ETV0083S | B77: 513440 | C77: TELESECUNDARIA 85 | D77: BAJA CALIFORNIA | E77: MEXICALI | F77: GRANJA ORIENTACION | G77: URBANO | H77: GRT Baja California | I77: ALMACEN ZT VALLE | J77: TELEESCUELA
A78: 02ETV0086P | B78: 513502 | C78: TELESECUNDARIA 93 | D78: BAJA CALIFORNIA | E78: ENSENADA | F78: COLONIA . ART.115 | G78: RURAL | H78: GRT Baja California | I78: ALMACEN ZT VALLE | J78: TELEESCUELA
A79: 02ETV0087O | B79: 513520 | C79: CENTRO EDUCATIVO INTEGRAL AUGUSTO HERNANDEZ BERMUD | D79: BAJA CALIFORNIA | E79: MEXICALI | F79: MEXICALI | G79: URBANO | H79: GRT Baja California | I79: ALMACEN ZT VALLE | J79: TELEESCUELA
A80: 02ETV0088N | B80: 513473 | C80: TELESECUNDARIA 95 | D80: BAJA CALIFORNIA | E80: ENSENADA | F80: AJUSCO | G80: RURAL | H80: GRT Baja California | I80: ALMACEN ZT VALLE | J80: TELEESCUELA
A81: 02ETV0089M | B81: 512972 | C81: CENTRO EDUCATIVO INTEGRAL ALBERGUE DIF TIJUANA N96 | D81: BAJA CALIFORNIA | E81: TIJUANA | F81: TIJUANA | G81: RURAL | H81: GRT Baja California | I81: ALMACEN ZT VALLE | J81: TELEESCUELA
A82: 02ETV0091A | B82: 514271 | C82: TELESECUNDARIA 121 | D82: BAJA CALIFORNIA | E82: ENSENADA | F82: SAN QUINTIN | G82: RURAL | H82: GRT Baja California | I82: ALMACEN ZT VALLE | J82: TELEESCUELA
A83: 02ETV0092Z | B83: 513528 | C83: TELESECUNDARIA NO 122 | D83: BAJA CALIFORNIA | E83: ENSENADA | F83: EJ. EMILIANO ZAPATA | G83: RURAL | H83: GRT Baja California | I83: ALMACEN ZT VALLE | J83: TELEESCUELA
A84: 02ETV0093Z | B84: 513518 | C84: TELESECUNDARIA 123 | D84: BAJA CALIFORNIA | E84: ENSENADA | F84: RANCHO NUEVO | G84: RURAL | H84: GRT Baja California | I84: ALMACEN ZT VALLE | J84: TELEESCUELA
A85: 02ETV0096W | B85: 513496 | C85: TELESECUNDARIA 126 | D85: BAJA CALIFORNIA | E85: MEXICALI | F85: SAN FELIPE | G85: RURAL | H85: GRT Baja California | I85: ALMACEN ZT VALLE | J85: TELEESCUELA
A86: 03DTV0002R | B86: 517499 | C86: TELESECUNDARIA 2 SIGLO XXI | D86: BAJA CALIFORNIA SUR | E86: LA PAZ | F86: EL PESCADERO B. C. SUR | G86: RURAL | H86: GRT Baja California | I86: ALMACEN ZT VALLE | J86: TELEESCUELA
A87: 03DTV0008L | B87: 516962 | C87: TELESECUNDARIA 8 OCTAVIO PAZ | D87: BAJA CALIFORNIA SUR | E87: LA PAZ | F87: SAN PEDRO | G87: RURAL | H87: GRT Baja California | I87: ALMACEN ZT VALLE | J87: TELEESCUELA
A88: 03DTV0011Z | B88: 516826 | C88: TELESECUNDARIA 11 MELCHOR OCAMPO | D88: BAJA CALIFORNIA SUR | E88: COMONDU | F88: SAN LUIS GONZAGA | G88: RURAL | H88: GRT Baja California | I88: ALMACEN ZT VALLE | J88: TELEESCUELA
A89: 03DTV0018S | B89: 517377 | C89: TELESECUNDARIA 18 ,13 DE OCTUBRE DE 1994 | D89: BAJA CALIFORNIA SUR | E89: COMONDU | F89: LEY FEDERAL DE AGUAS N0. 1 | G89: RURAL | H89: GRT Baja California | I89: ALMACEN ZT VALLE | J89: TELEESCUELA
A90: 03DTV0021F | B90: 517388 | C90: TELESECUNDARIA 21 FRANCISCO GONZALEZ BOCANEGRA | D90: BAJA CALIFORNIA SUR | E90: MULEGE | F90: SAN BRUNO | G90: RURAL | H90: GRT Baja California | I90: ALMACEN ZT VALLE | J90: TELEESCUELA | K90: Instalado - Operando | L90: 46147
A91: 03DTV0026A | B91: 517485 | C91: REYES CASTRO COTA | D91: BAJA CALIFORNIA SUR | E91: LA PAZ | F91: EL CARDONAL B.C.S. | G91: RURAL | H91: GRT Baja California | I91: ALMACEN ZT VALLE | J91: TELEESCUELA
A92: 03DTV0029Y | B92: 517199 | C92: ETV 29 CARMEN FISHER COTA | D92: BAJA CALIFORNIA SUR | E92: LOS CABOS | F92: CABO SAN LUCAS | G92: URBANO | H92: GRT Baja California | I92: ALMACEN ZT VALLE | J92: TELEESCUELA
A93: 03DTV0034J | B93: 517035 | C93: LAZARO CARDENAS DEL RIO | D93: BAJA CALIFORNIA SUR | E93: LOS CABOS | F93: SAN JOSE DEL CABO | G93: URBANO | H93: GRT Baja California | I93: ALMACEN ZT VALLE | J93: TELEESCUELA
A94: 03DTV0038F | B94: 516793 | C94: TELESECUNDARIA 38 FRANCISCO KING RONDERO | D94: BAJA CALIFORNIA SUR | E94: LA PAZ | F94: CHAMETLA | G94: RURAL | H94: GRT Baja California | I94: ALMACEN ZT VALLE | J94: TELEESCUELA
A95: 03DTV0040U | B95: 517544 | C95: TELESECUNDARIA 40 ELVIRA CASTILLO MARRON | D95: BAJA CALIFORNIA SUR | E95: LA PAZ | F95: LA PAZ | G95: URBANO | H95: GRT Baja California | I95: ALMACEN ZT VALLE | J95: TELEESCUELA
A96: 03DTV0042S | B96: 517759 | C96: TELESECUNDARIA 42 BRAULIO MALDONADO SANDEZ | D96: BAJA CALIFORNIA SUR | E96: LOS CABOS | F96: SAN JOSE DEL CABO | G96: URBANO | H96: GRT Baja California | I96: ALMACEN ZT VALLE | J96: TELEESCUELA | K96: Instalado - Sin Señal | L96: 46149
A97: 03DTV0049L | B97: 516817 | C97: TELESECUNDARIA 49 JOSE EVODIO BALDERAS GONZALEZ | D97: BAJA CALIFORNIA SUR | E97: LA PAZ | F97: LA PAZ | G97: URBANO | H97: GRT Baja California | I97: ALMACEN ZT VALLE | J97: TELEESCUELA
A98: 03DTV0050A | B98: 516930 | C98: TELESECUNDARIA 50 GABRIEL GARCIA MARQUEZ | D98: BAJA CALIFORNIA SUR | E98: LA PAZ | F98: LA PAZ | G98: URBANO | H98: GRT Baja California | I98: ALMACEN ZT VALLE | J98: TELEESCUELA
A99: 03DTV0052Z | B99: 517389 | C99: TELESECUNDARIA 52 | D99: BAJA CALIFORNIA SUR | E99: MULEGE | F99: LA BOCANA | G99: RURAL | H99: GRT Baja California | I99: ALMACEN ZT VALLE | J99: TELEESCUELA | K99: Instalado - Sin Señal | L99: 46151 | M99: Quedan pendiente alta en mesa de servicio
A100: 03DTV0053Y | B100: 516975 | C100: JOSE EMILIO PACHECO | D100: BAJA CALIFORNIA SUR | E100: LA PAZ | F100: OLAS ALTAS | G100: URBANO | H100: GRT Baja California | I100: ALMACEN ZT VALLE | J100: TELEESCUELA
A101: 03DTV0057U | B101: 517368 | C101: MARIA CONCEPCION OLACHEA MONTEJANO | D101: BAJA CALIFORNIA SUR | E101: LOS CABOS | F101: SAN JOSE DEL CABO | G101: RURAL | H101: GRT Baja California | I101: ALMACEN ZT VALLE | J101: TELEESCUELA
A102: 03DTV0058T | B102: 517545 | C102: TELESECUNDARIA 58 LEONARDO DAVINCI | D102: BAJA CALIFORNIA SUR | E102: LA PAZ | F102: LA PAZ | G102: RURAL | H102: GRT Baja California | I102: ALMACEN ZT VALLE | J102: TELEESCUELA
A103: 03DTV0066B | B103: 517066 | C103: TELESECUNDARIA 66 TURNOS MATUTINO Y VESPERTINO | D103: BAJA CALIFORNIA SUR | E103: LOS CABOS | F103: CABO SAN LUCAS | G103: RURAL | H103: GRT Baja California | I103: ALMACEN ZT VALLE | J103: TELEESCUELA
A104: 03ETK0004I | B104: 516974 | C104: TELEBACHILLERATO COMUNITARIO 4 | D104: BAJA CALIFORNIA SUR | E104: LORETO | F104: LIGUI | G104: RURAL | H104: GRT Baja California | I104: ALMACEN ZT VALLE | J104: TELEESCUELA | K104: Instalado - Sin Señal | L104: 46147
A105: 03ETK0005H | B105: 517461 | C105: TELEBACHILLERATO COMUNITARIO 5 | D105: BAJA CALIFORNIA SUR | E105: MULEGE | F105: SAN BRUNO | G105: RURAL | H105: GRT Baja California | I105: ALMACEN ZT VALLE | J105: TELEESCUELA | K105: Instalado - Operando | L105: 46148
A106: 03ETK0007F | B106: 516963 | C106: TELEBACHILLERATO COMUNITARIO 7 | D106: BAJA CALIFORNIA SUR | E106: LA PAZ | F106: SAN PEDRO | G106: RURAL | H106: GRT Baja California | I106: ALMACEN ZT VALLE | J106: TELEESCUELA
A107: 03ETK0032E | B107: 516818 | C107: AGUA ESCONDIDA | D107: BAJA CALIFORNIA SUR | E107: LA PAZ | F107: AGUA ESCONDIDA | G107: RURAL | H107: GRT Baja California | I107: ALMACEN ZT VALLE | J107: TELEESCUELA
...

Sheet GEOREFERENCIAS
A1: CLAVE | B1: LATITUD | C1: LONGITUD
A2: 02DTV0005P | B2: 32.520721 | C2: -116.97346
A3: 02DTV0006O | B3: 30.694012 | C3: -116.00116
A4: 02DTV0009L | B4: 31.827451 | C4: -116.58544
A5: 02DTV0011Z | B5: 30.041074 | C5: -115.73798
A6: 02DTV0012Z | B6: 30.465363 | C6: -115.91858
A7: 02DTV0013Y | B7: 32.467779 | C7: -116.78183
A8: 02DTV0014X | B8: 32.548175 | C8: -116.65021
A9: 02DTV0015W | B9: 31.799397 | C9: -116.59095
A10: 02DTV0016V | B10: 31.287973 | C10: -116.21363
A11: 02DTV0017U | B11: 31.868064 | C11: -116.58861
A12: 02DTV0019S | B12: 32.422114 | C12: -116.88307
A13: 02DTV0021G | B13: 32.526991 | C13: -116.82757
... A4231: 24DTV0749R | B4231: 21.687491 | C4231: -99.499702

Sheet CONSOLIDADO
A1: 📊 CONSOLIDADO TOTAL — PROYECTO PAIG FASE II
A4: GERENCIA (GRT) | B4: TOTAL SITIOS | C4: INST. OPERANDO | D4: INST. SIN SEÑAL | E4: EQ. EN ALMACÉN | F4: PROGRAMADO | G4: VISITADO | H4: SIN INMUEBLE | I4: TOTAL ACTUALIZADO | J4: % AVANCE INST. | K4: % AVANCE GENERAL | L4: PENDIENTE SIN ESTATUS | M4: KITS LOG. ALMACÉN | N4: DIFERENCIA VS INSTALADOS | O4: CANCELADOS
A5: GRT Central | B5: 1130 | C5: =COUNTIF('GRT Central'!K6:K1135,"INSTALADO - OPERANDO") -> 769 | D5: =COUNTIF('GRT Central'!K6:K1135,"INSTALADO - SIN SEÑAL") -> 89 | E5: =MAX(0,ENTREGA_ALMACÉN!C37-CONSOLIDADO!C5-CONSOLIDADO!D5) -> 265 | F5: =COUNTIF('GRT Central'!K6:K1135,"PROGRAMADO") -> 0 | G5: =COUNTIF('GRT Central'!K6:K1135,"VISITADO") -> 20 | H5: =COUNTIF('GRT Central'!K6:K1135,"SIN INMUEBLE") -> 0 | I5: =SUM(C5:H5) -> 1143 | J5: =IF(B5=0,0,(C5+D5)/B5) -> 0.75929204 | K5: =IF(B5=0,0,I5/B5) -> 1.0115044 | L5: =B5-I5 -> -13 | M5: =ENTREGA_ALMACÉN!C37 -> 1123 | N5: =E5-M5 -> -858 | O5: =COUNTIF('GRT Central'!K6:K1135,"CANCELADO") -> 0
A6: GRT Occidente | B6: 779 | C6: =COUNTIF('GRT Occidente'!K6:K784,"INSTALADO - OPERANDO") -> 80 | D6: =COUNTIF('GRT Occidente'!K6:K784,"INSTALADO - SIN SEÑAL") -> 20 | E6: =MAX(0,ENTREGA_ALMACÉN!C38-CONSOLIDADO!C6-CONSOLIDADO!D6) -> 631 | F6: =COUNTIF('GRT Occidente'!K6:K784,"PROGRAMADO") -> 0 | G6: =COUNTIF('GRT Occidente'!K6:K784,"VISITADO") -> 0 | H6: =COUNTIF('GRT Occidente'!K6:K784,"SIN INMUEBLE") -> 0 | I6: =SUM(C6:H6) -> 731 | J6: =IF(B6=0,0,(C6+D6)/B6) -> 0.1283697 | K6: =IF(B6=0,0,I6/B6) -> 0.93838254 | L6: =B6-I6 -> 48 | M6: =ENTREGA_ALMACÉN!C38 -> 731 | N6: =E6-M6 -> -100 | O6: =COUNTIF('GRT Occidente'!K6:K784,"CANCELADO") -> 0
A7: GRT Oriente | B7: 395 | C7: =COUNTIF('GRT Oriente'!K6:K400,"INSTALADO - OPERANDO") -> 72 | D7: =COUNTIF('GRT Oriente'!K6:K400,"INSTALADO - SIN SEÑAL") -> 12 | E7: =MAX(0,ENTREGA_ALMACÉN!C39-CONSOLIDADO!C7-CONSOLIDADO!D7) -> 275 | F7: =COUNTIF('GRT Oriente'!K6:K400,"PROGRAMADO") -> 0 | G7: =COUNTIF('GRT Oriente'!K6:K400,"VISITADO") -> 0 | H7: =COUNTIF('GRT Oriente'!K6:K400,"SIN INMUEBLE") -> 0 | I7: =SUM(C7:H7) -> 359 | J7: =IF(B7=0,0,(C7+D7)/B7) -> 0.21265823 | K7: =IF(B7=0,0,I7/B7) -> 0.90886076 | L7: =B7-I7 -> 36 | M7: =ENTREGA_ALMACÉN!C39 -> 359 | N7: =E7-M7 -> -84 | O7: =COUNTIF('GRT Oriente'!K6:K400,"CANCELADO") -> 0
A8: GRT Valle de México | B8: 735 | C8: =COUNTIF('GRT Valle de México'!K6:K740,"INSTALADO - OPERANDO") -> 74 | D8: =COUNTIF('GRT Valle de México'!K6:K740,"INSTALADO - SIN SEÑAL") -> 3 | E8: =MAX(0,ENTREGA_ALMACÉN!C40-CONSOLIDADO!C8-CONSOLIDADO!D8) -> 460 | F8: =COUNTIF('GRT Valle de México'!K6:K740,"PROGRAMADO") -> 0 | G8: =COUNTIF('GRT Valle de México'!K6:K740,"VISITADO") -> 0 | H8: =COUNTIF('GRT Valle de México'!K6:K740,"SIN INMUEBLE") -> 0 | I8: =SUM(C8:H8) -> 537 | J8: =IF(B8=0,0,(C8+D8)/B8) -> 0.1047619 | K8: =IF(B8=0,0,I8/B8) -> 0.73061224 | L8: =B8-I8 -> 198 | M8: =ENTREGA_ALMACÉN!C40 -> 537 | N8: =E8-M8 -> -77 | O8: =COUNTIF('GRT Valle de México'!K6:K740,"CANCELADO") -> 0
A9: GRT Noroeste | B9: 367 | C9: =COUNTIF('GRT Noroeste'!K6:K372,"INSTALADO - OPERANDO") -> 60 | D9: =COUNTIF('GRT Noroeste'!K6:K372,"INSTALADO - SIN SEÑAL") -> 3 | E9: =MAX(0,ENTREGA_ALMACÉN!C41-CONSOLIDADO!C9-CONSOLIDADO!D9) -> 284 | F9: =COUNTIF('GRT Noroeste'!K6:K372,"PROGRAMADO") -> 0 | G9: =COUNTIF('GRT Noroeste'!K6:K372,"VISITADO") -> 0 | H9: =COUNTIF('GRT Noroeste'!K6:K372,"SIN INMUEBLE") -> 2 | I9: =SUM(C9:H9) -> 349 | J9: =IF(B9=0,0,(C9+D9)/B9) -> 0.17166213 | K9: =IF(B9=0,0,I9/B9) -> 0.95095368 | L9: =B9-I9 -> 18 | M9: =ENTREGA_ALMACÉN!C41 -> 347 | N9: =E9-M9 -> -63 | O9: =COUNTIF('GRT Noroeste'!K6:K372,"CANCELADO") -> 0
A10: GRT Norte | B10: 291 | C10: =COUNTIF('GRT Norte'!K6:K296,"INSTALADO - OPERANDO") -> 19 | D10: =COUNTIF('GRT Norte'!K6:K296,"INSTALADO - SIN SEÑAL") -> 3 | E10: =MAX(0,ENTREGA_ALMACÉN!C42-CONSOLIDADO!C10-CONSOLIDADO!D10) -> 269 | F10: =COUNTIF('GRT Norte'!K6:K296,"PROGRAMADO") -> 0 | G10: =COUNTIF('GRT Norte'!K6:K296,"VISITADO") -> 0 | H10: =COUNTIF('GRT Norte'!K6:K296,"SIN INMUEBLE") -> 0 | I10: =SUM(C10:H10) -> 291 | J10: =IF(B10=0,0,(C10+D10)/B10) -> 0.075601375 | K10: =IF(B10=0,0,I10/B10) -> 1 | L10: =B10-I10 -> 0 | M10: =ENTREGA_ALMACÉN!C42 -> 291 | N10: =E10-M10 -> -22 | O10: =COUNTIF('GRT Norte'!K6:K296,"CANCELADO") -> 0
A11: GRT Noreste | B11: 257 | C11: =COUNTIF('GRT Noreste'!K6:K262,"INSTALADO - OPERANDO") -> 42 | D11: =COUNTIF('GRT Noreste'!K6:K262,"INSTALADO - SIN SEÑAL") -> 0 | E11: =MAX(0,ENTREGA_ALMACÉN!C43-CONSOLIDADO!C11-CONSOLIDADO!D11) -> 203 | F11: =COUNTIF('GRT Noreste'!K6:K262,"PROGRAMADO") -> 0 | G11: =COUNTIF('GRT Noreste'!K6:K262,"VISITADO") -> 1 | H11: =COUNTIF('GRT Noreste'!K6:K262,"SIN INMUEBLE") -> 1 | I11: =SUM(C11:H11) -> 247 | J11: =IF(B11=0,0,(C11+D11)/B11) -> 0.16342412 | K11: =IF(B11=0,0,I11/B11) -> 0.96108949 | L11: =B11-I11 -> 10 | M11: =ENTREGA_ALMACÉN!C43 -> 245 | N11: =E11-M11 -> -42 | O11: =COUNTIF('GRT Noreste'!K6:K262,"CANCELADO") -> 0
A12: GRT Baja California | B12: 276 | C12: =COUNTIF('GRT Baja California'!K6:K281,"INSTALADO - OPERANDO") -> 29 | D12: =COUNTIF('GRT Baja California'!K6:K281,"INSTALADO - SIN SEÑAL") -> 14 | E12: =MAX(0,ENTREGA_ALMACÉN!C44-CONSOLIDADO!C12-CONSOLIDADO!D12) -> 184 | F12: =COUNTIF('GRT Baja California'!K6:K281,"PROGRAMADO") -> 0 | G12: =COUNTIF('GRT Baja California'!K6:K281,"VISITADO") -> 0 | H12: =COUNTIF('GRT Baja California'!K6:K281,"SIN INMUEBLE") -> 0 | I12: =SUM(C12:H12) -> 227 | J12: =IF(B12=0,0,(C12+D12)/B12) -> 0.1557971 | K12: =IF(B12=0,0,I12/B12) -> 0.82246377 | L12: =B12-I12 -> 49 | M12: =ENTREGA_ALMACÉN!C44 -> 227 | N12: =E12-M12 -> -43 | O12: =COUNTIF('GRT Baja California'!K6:K281,"CANCELADO") -> 0
A13: TOTAL GENERAL | B13: =SUM(B5:B12) -> 4230 | C13: =SUM(C5:C12) -> 1145 | D13: =SUM(D5:D12) -> 144 | E13: =SUM(E5:E12) -> 2571 | F13: =SUM(F5:F12) -> 0 | G13: =SUM(G5:G12) -> 21 | H13: =SUM(H5:H12) -> 3 | I13: =SUM(I5:I12) -> 3884 | J13: =IF(B13=0,0,C13/B13) -> 0.27068558 | K13: =IF(B13=0,0,I13/B13) -> 0.91820331 | L13: =SUM(L5:L12) -> 346 | M13: =SUM(M5:M12) -> 3860 | N13: =E13-M13 -> -1289 | O13: =SUM(O5:O12) -> 0

Sheet AVANCE_SEMANAL
A1: 📅 AVANCE SEMANAL AUTOMÁTICO — PROYECTO PAIG FASE II | Semana: Domingo → Sábado
A3: ✅ Los totales por GRT se calculan automáticamente según la FECHA ACTUALIZACIÓN registrada en cada pestaña GRT. Solo actualiza las columnas A (Fecha inicio domingo) — el resto es automático.
A5: SEM. | B5: INICIO (DOM) | C5: FIN (SÁB) | D5: GRT Central | E5: GRT Occidente | F5: GRT Oriente | G5: GRT V. México | H5: GRT Noroeste | I5: GRT Norte | J5: GRT Noreste | K5: GRT Baja Cal. | L5: TOTAL SEMANA | M5: ACUMULADO INST. | N5: % AVANCE ACUM. | O5: NOTAS
A6: 1 | B6: 46096 | C6: 46102 | D6: =SUMPRODUCT(((ISNUMBER('GRT Central'!L6:L1135))*('GRT Central'!L6:L1135>=B6)*('GRT Central'!L6:L1135<=C6))*(('GRT Central'!K6:K1135="INSTALADO - OPERANDO")+('GRT Central'!K6:K1135="INSTALADO - SIN SEÑAL")>0)) -> 16 | E6: =SUMPRODUCT(((ISNUMBER('GRT Occidente'!L6:L784))*('GRT Occidente'!L6:L784>=B6)*('GRT Occidente'!L6:L784<=C6))*(('GRT Occidente'!K6:K784="INSTALADO - OPERANDO")+('GRT Occidente'!K6:K784="INSTALADO - SIN SEÑAL")>0)) -> 0 | F6: =SUMPRODUCT(((ISNUMBER('GRT Oriente'!L6:L400))*('GRT Oriente'!L6:L400>=B6)*('GRT Oriente'!L6:L400<=C6))*(('GRT Oriente'!K6:K400="INSTALADO - OPERANDO")+('GRT Oriente'!K6:K400="INSTALADO - SIN SEÑAL")>0)) -> 0 | G6: =SUMPRODUCT(((ISNUMBER('GRT Valle de México'!L6:L740))*('GRT Valle de México'!L6:L740>=B6)*('GRT Valle de México'!L6:L740<=C6))*(('GRT Valle de México'!K6:K740="INSTALADO - OPERANDO")+('GRT Valle de México'!K6:K740="INSTALADO - SIN SEÑAL")>0)) -> 0 | H6: =SUMPRODUCT(((ISNUMBER('GRT Noroeste'!L6:L372))*('GRT Noroeste'!L6:L372>=B6)*('GRT Noroeste'!L6:L372<=C6))*(('GRT Noroeste'!K6:K372="INSTALADO - OPERANDO")+('GRT Noroeste'!K6:K372="INSTALADO - SIN SEÑAL")>0)) -> 0 | I6: =SUMPRODUCT(((ISNUMBER('GRT Norte'!L6:L296))*('GRT Norte'!L6:L296>=B6)*('GRT Norte'!L6:L296<=C6))*(('GRT Norte'!K6:K296="INSTALADO - OPERANDO")+('GRT Norte'!K6:K296="INSTALADO - SIN SEÑAL")>0)) -> 0 | J6: =SUMPRODUCT(((ISNUMBER('GRT Noreste'!L6:L262))*('GRT Noreste'!L6:L262>=B6)*('GRT Noreste'!L6:L262<=C6))*(('GRT Noreste'!K6:K262="INSTALADO - OPERANDO")+('GRT Noreste'!K6:K262="INSTALADO - SIN SEÑAL")>0)) -> 0 | K6: =SUMPRODUCT(((ISNUMBER('GRT Baja California'!L6:L281))*('GRT Baja California'!L6:L281>=B6)*('GRT Baja California'!L6:L281<=C6))*(('GRT Baja California'!K6:K281="INSTALADO - OPERANDO")+('GRT Baja California'!K6:K281="INSTALADO - SIN SEÑAL")>0)) -> 0 | L6: =SUM(D6:K6) -> 16 | M6: =L6 -> 16 | N6: =IF(M6=0,"",M6/4230) -> 0.0037825059
A7: 2 | B7: 46103 | C7: 46109 | D7: =SUMPRODUCT(((ISNUMBER('GRT Central'!L6:L1135))*('GRT Central'!L6:L1135>=B7)*('GRT Central'!L6:L1135<=C7))*(('GRT Central'!K6:K1135="INSTALADO - OPERANDO")+('GRT Central'!K6:K1135="INSTALADO - SIN SEÑAL")>0)) -> 46 | E7: =SUMPRODUCT(((ISNUMBER('GRT Occidente'!L6:L784))*('GRT Occidente'!L6:L784>=B7)*('GRT Occidente'!L6:L784<=C7))*(('GRT Occidente'!K6:K784="INSTALADO - OPERANDO")+('GRT Occidente'!K6:K784="INSTALADO - SIN SEÑAL")>0)) -> 0 | F7: =SUMPRODUCT(((ISNUMBER('GRT Oriente'!L6:L400))*('GRT Oriente'!L6:L400>=B7)*('GRT Oriente'!L6:L400<=C7))*(('GRT Oriente'!K6:K400="INSTALADO - OPERANDO")+('GRT Oriente'!K6:K400="INSTALADO - SIN SEÑAL")>0)) -> 0 | G7: =SUMPRODUCT(((ISNUMBER('GRT Valle de México'!L6:L740))*('GRT Valle de México'!L6:L740>=B7)*('GRT Valle de México'!L6:L740<=C7))*(('GRT Valle de México'!K6:K740="INSTALADO - OPERANDO")+('GRT Valle de México'!K6:K740="INSTALADO - SIN SEÑAL")>0)) -> 0 | H7: =SUMPRODUCT(((ISNUMBER('GRT Noroeste'!L6:L372))*('GRT Noroeste'!L6:L372>=B7)*('GRT Noroeste'!L6:L372<=C7))*(('GRT Noroeste'!K6:K372="INSTALADO - OPERANDO")+('GRT Noroeste'!K6:K372="INSTALADO - SIN SEÑAL")>0)) -> 0 | I7: =SUMPRODUCT(((ISNUMBER('GRT Norte'!L6:L296))*('GRT Norte'!L6:L296>=B7)*('GRT Norte'!L6:L296<=C7))*(('GRT Norte'!K6:K296="INSTALADO - OPERANDO")+('GRT Norte'!K6:K296="INSTALADO - SIN SEÑAL")>0)) -> 0 | J7: =SUMPRODUCT(((ISNUMBER('GRT Noreste'!L6:L262))*('GRT Noreste'!L6:L262>=B7)*('GRT Noreste'!L6:L262<=C7))*(('GRT Noreste'!K6:K262="INSTALADO - OPERANDO")+('GRT Noreste'!K6:K262="INSTALADO - SIN SEÑAL")>0)) -> 0 | K7: =SUMPRODUCT(((ISNUMBER('GRT Baja California'!L6:L281))*('GRT Baja California'!L6:L281>=B7)*('GRT Baja California'!L6:L281<=C7))*(('GRT Baja California'!K6:K281="INSTALADO - OPERANDO")+('GRT Baja California'!K6:K281="INSTALADO - SIN SEÑAL")>0)) -> 0 | L7: =SUM(D7:K7) -> 46 | M7: =M6+L7 -> 62 | N7: =IF(M7=0,"",M7/4230) -> 0.01465721
A8: 3 | B8: 46110 | C8: 46116 | D8: =SUMPRODUCT(((ISNUMBER('GRT Central'!L6:L1135))*('GRT Central'!L6:L1135>=B8)*('GRT Central'!L6:L1135<=C8))*(('GRT Central'!K6:K1135="INSTALADO - OPERANDO")+('GRT Central'!K6:K1135="INSTALADO - SIN SEÑAL")>0)) -> 52 | E8: =SUMPRODUCT(((ISNUMBER('GRT Occidente'!L6:L784))*('GRT Occidente'!L6:L784>=B8)*('GRT Occidente'!L6:L784<=C8))*(('GRT Occidente'!K6:K784="INSTALADO - OPERANDO")+('GRT Occidente'!K6:K784="INSTALADO - SIN SEÑAL")>0)) -> 0 | F8: =SUMPRODUCT(((ISNUMBER('GRT Oriente'!L6:L400))*('GRT Oriente'!L6:L400>=B8)*('GRT Oriente'!L6:L400<=C8))*(('GRT Oriente'!K6:K400="INSTALADO - OPERANDO")+('GRT Oriente'!K6:K400="INSTALADO - SIN SEÑAL")>0)) -> 0 | G8: =SUMPRODUCT(((ISNUMBER('GRT Valle de México'!L6:L740))*('GRT Valle de México'!L6:L740>=B8)*('GRT Valle de México'!L6:L740<=C8))*(('GRT Valle de México'!K6:K740="INSTALADO - OPERANDO")+('GRT Valle de México'!K6:K740="INSTALADO - SIN SEÑAL")>0)) -> 0 | H8: =SUMPRODUCT(((ISNUMBER('GRT Noroeste'!L6:L372))*('GRT Noroeste'!L6:L372>=B8)*('GRT Noroeste'!L6:L372<=C8))*(('GRT Noroeste'!K6:K372="INSTALADO - OPERANDO")+('GRT Noroeste'!K6:K372="INSTALADO - SIN SEÑAL")>0)) -> 0 | I8: =SUMPRODUCT(((ISNUMBER('GRT Norte'!L6:L296))*('GRT Norte'!L6:L296>=B8)*('GRT Norte'!L6:L296<=C8))*(('GRT Norte'!K6:K296="INSTALADO - OPERANDO")+('GRT Norte'!K6:K296="INSTALADO - SIN SEÑAL")>0)) -> 0 | J8: =SUMPRODUCT(((ISNUMBER('GRT Noreste'!L6:L262))*('GRT Noreste'!L6:L262>=B8)*('GRT Noreste'!L6:L262<=C8))*(('GRT Noreste'!K6:K262="INSTALADO - OPERANDO")+('GRT Noreste'!K6:K262="INSTALADO - SIN SEÑAL")>0)) -> 0 | K8: =SUMPRODUCT(((ISNUMBER('GRT Baja California'!L6:L281))*('GRT Baja California'!L6:L281>=B8)*('GRT Baja California'!L6:L281<=C8))*(('GRT Baja California'!K6:K281="INSTALADO - OPERANDO")+('GRT Baja California'!K6:K281="INSTALADO - SIN SEÑAL")>0)) -> 0 | L8: =SUM(D8:K8) -> 52 | M8: =M7+L8 -> 114 | N8: =IF(M8=0,"",M8/4230) -> 0.026950355
A9: 4 | B9: 46117 | C9: 46123 | D9: =SUMPRODUCT(((ISNUMBER('GRT Central'!L6:L1135))*('GRT Central'!L6:L1135>=B9)*('GRT Central'!L6:L1135<=C9))*(('GRT Central'!K6:K1135="INSTALADO - OPERANDO")+('GRT Central'!K6:K1135="INSTALADO - SIN SEÑAL")>0)) -> 52 | E9: =SUMPRODUCT(((ISNUMBER('GRT Occidente'!L6:L784))*('GRT Occidente'!L6:L784>=B9)*('GRT Occidente'!L6:L784<=C9))*(('GRT Occidente'!K6:K784="INSTALADO - OPERANDO")+('GRT Occidente'!K6:K784="INSTALADO - SIN SEÑAL")>0)) -> 0 | F9: =SUMPRODUCT(((ISNUMBER('GRT Oriente'!L6:L400))*('GRT Oriente'!L6:L400>=B9)*('GRT Oriente'!L6:L400<=C9))*(('GRT Oriente'!K6:K400="INSTALADO - OPERANDO")+('GRT Oriente'!K6:K400="INSTALADO - SIN SEÑAL")>0)) -> 0 | G9: =SUMPRODUCT(((ISNUMBER('GRT Valle de México'!L6:L740))*('GRT Valle de México'!L6:L740>=B9)*('GRT Valle de México'!L6:L740<=C9))*(('GRT Valle de México'!K6:K740="INSTALADO - OPERANDO")+('GRT Valle de México'!K6:K740="INSTALADO - SIN SEÑAL")>0)) -> 0 | H9: =SUMPRODUCT(((ISNUMBER('GRT Noroeste'!L6:L372))*('GRT Noroeste'!L6:L372>=B9)*('GRT Noroeste'!L6:L372<=C9))*(('GRT Noroeste'!K6:K372="INSTALADO - OPERANDO")+('GRT Noroeste'!K6:K372="INSTALADO - SIN SEÑAL")>0)) -> 0 | I9: =SUMPRODUCT(((ISNUMBER('GRT Norte'!L6:L296))*('GRT Norte'!L6:L296>=B9)*('GRT Norte'!L6:L296<=C9))*(('GRT Norte'!K6:K296="INSTALADO - OPERANDO")+('GRT Norte'!K6:K296="INSTALADO - SIN SEÑAL")>0)) -> 0 | J9: =SUMPRODUCT(((ISNUMBER('GRT Noreste'!L6:L262))*('GRT Noreste'!L6:L262>=B9)*('GRT Noreste'!L6:L262<=C9))*(('GRT Noreste'!K6:K262="INSTALADO - OPERANDO")+('GRT Noreste'!K6:K262="INSTALADO - SIN SEÑAL")>0)) -> 0 | K9: =SUMPRODUCT(((ISNUMBER('GRT Baja California'!L6:L281))*('GRT Baja California'!L6:L281>=B9)*('GRT Baja California'!L6:L281<=C9))*(('GRT Baja California'!K6:K281="INSTALADO - OPERANDO")+('GRT Baja California'!K6:K281="INSTALADO - SIN SEÑAL")>0)) -> 0 | L9: =SUM(D9:K9) -> 52 | M9: =M8+L9 -> 166 | N9: =IF(M9=0,"",M9/4230) -> 0.039243499
A10: 5 | B10: 46124 | C10: 46130 | D10: =SUMPRODUCT(((ISNUMBER('GRT Central'!L6:L1135))*('GRT Central'!L6:L1135>=B10)*('GRT Central'!L6:L1135<=C10))*(('GRT Central'!K6:K1135="INSTALADO - OPERANDO")+('GRT Central'!K6:K1135="INSTALADO - SIN SEÑAL")>0)) -> 105 | E10: =SUMPRODUCT(((ISNUMBER('GRT Occidente'!L6:L784))*('GRT Occidente'!L6:L784>=B10)*('GRT Occidente'!L6:L784<=C10))*(('GRT Occidente'!K6:K784="INSTALADO - OPERANDO")+('GRT Occidente'!K6:K784="INSTALADO - SIN SEÑAL")>0)) -> 0 | F10: =SUMPRODUCT(((ISNUMBER('GRT Oriente'!L6:L400))*('GRT Oriente'!L6:L400>=B10)*('GRT Oriente'!L6:L400<=C10))*(('GRT Oriente'!K6:K400="INSTALADO - OPERANDO")+('GRT Oriente'!K6:K400="INSTALADO - SIN SEÑAL")>0)) -> 0 | G10: =SUMPRODUCT(((ISNUMBER('GRT Valle de México'!L6:L740))*('GRT Valle de México'!L6:L740>=B10)*('GRT Valle de México'!L6:L740<=C10))*(('GRT Valle de México'!K6:K740="INSTALADO - OPERANDO")+('GRT Valle de México'!K6:K740="INSTALADO - SIN SEÑAL")>0)) -> 0 | H10: =SUMPRODUCT(((ISNUMBER('GRT Noroeste'!L6:L372))*('GRT Noroeste'!L6:L372>=B10)*('GRT Noroeste'!L6:L372<=C10))*(('GRT Noroeste'!K6:K372="INSTALADO - OPERANDO")+('GRT Noroeste'!K6:K372="INSTALADO - SIN SEÑAL")>0)) -> 0 | I10: =SUMPRODUCT(((ISNUMBER('GRT Norte'!L6:L296))*('GRT Norte'!L6:L296>=B10)*('GRT Norte'!L6:L296<=C10))*(('GRT Norte'!K6:K296="INSTALADO - OPERANDO")+('GRT Norte'!K6:K296="INSTALADO - SIN SEÑAL")>0)) -> 0 | J10: =SUMPRODUCT(((ISNUMBER('GRT Noreste'!L6:L262))*('GRT Noreste'!L6:L262>=B10)*('GRT Noreste'!L6:L262<=C10))*(('GRT Noreste'!K6:K262="INSTALADO - OPERANDO")+('GRT Noreste'!K6:K262="INSTALADO - SIN SEÑAL")>0)) -> 0 | K10: =SUMPRODUCT(((ISNUMBER('GRT Baja California'!L6:L281))*('GRT Baja California'!L6:L281>=B10)*('GRT Baja California'!L6:L281<=C10))*(('GRT Baja California'!K6:K281="INSTALADO - OPERANDO")+('GRT Baja California'!K6:K281="INSTALADO - SIN SEÑAL")>0)) -> 0 | L10: =SUM(D10:K10) -> 105 | M10: =M9+L10 -> 271 | N10: =IF(M10=0,"",M10/4230) -> 0.064066194
A11: 6 | B11: 46131 | C11: 46137 | D11: =SUMPRODUCT(((ISNUMBER('GRT Central'!L6:L1135))*('GRT Central'!L6:L1135>=B11)*('GRT Central'!L6:L1135<=C11))*(('GRT Central'!K6:K1135="INSTALADO - OPERANDO")+('GRT Central'!K6:K1135="INSTALADO - SIN SEÑAL")>0)) -> 84 | E11: =SUMPRODUCT(((ISNUMBER('GRT Occidente'!L6:L784))*('GRT Occidente'!L6:L784>=B11)*('GRT Occidente'!L6:L784<=C11))*(('GRT Occidente'!K6:K784="INSTALADO - OPERANDO")+('GRT Occidente'!K6:K784="INSTALADO - SIN SEÑAL")>0)) -> 0 | F11: =SUMPRODUCT(((ISNUMBER('GRT Oriente'!L6:L400))*('GRT Oriente'!L6:L400>=B11)*('GRT Oriente'!L6:L400<=C11))*(('GRT Oriente'!K6:K400="INSTALADO - OPERANDO")+('GRT Oriente'!K6:K400="INSTALADO - SIN SEÑAL")>0)) -> 0 | G11: =SUMPRODUCT(((ISNUMBER('GRT Valle de México'!L6:L740))*('GRT Valle de México'!L6:L740>=B11)*('GRT Valle de México'!L6:L740<=C11))*(('GRT Valle de México'!K6:K740="INSTALADO - OPERANDO")+('GRT Valle de México'!K6:K740="INSTALADO - SIN SEÑAL")>0)) -> 4 | H11: =SUMPRODUCT(((ISNUMBER('GRT Noroeste'!L6:L372))*('GRT Noroeste'!L6:L372>=B11)*('GRT Noroeste'!L6:L372<=C11))*(('GRT Noroeste'!K6:K372="INSTALADO - OPERANDO")+('GRT Noroeste'!K6:K372="INSTALADO - SIN SEÑAL")>0)) -> 0 | I11: =SUMPRODUCT(((ISNUMBER('GRT Norte'!L6:L296))*('GRT Norte'!L6:L296>=B11)*('GRT Norte'!L6:L296<=C11))*(('GRT Norte'!K6:K296="INSTALADO - OPERANDO")+('GRT Norte'!K6:K296="INSTALADO - SIN SEÑAL")>0)) -> 0 | J11: =SUMPRODUCT(((ISNUMBER('GRT Noreste'!L6:L262))*('GRT Noreste'!L6:L262>=B11)*('GRT Noreste'!L6:L262<=C11))*(('GRT Noreste'!K6:K262="INSTALADO - OPERANDO")+('GRT Noreste'!K6:K262="INSTALADO - SIN SEÑAL")>0)) -> 0 | K11: =SUMPRODUCT(((ISNUMBER('GRT Baja California'!L6:L281))*('GRT Baja California'!L6:L281>=B11)*('GRT Baja California'!L6:L281<=C11))*(('GRT Baja California'!K6:K281="INSTALADO - OPERANDO")+('GRT Baja California'!K6:K281="INSTALADO - SIN SEÑAL")>0)) -> 0 | L11: =SUM(D11:K11) -> 88 | M11: =M10+L11 -> 359 | N11: =IF(M11=0,"",M11/4230) -> 0.084869976
A12: 7 | B12: 46138 | C12: 46144 | D12: =SUMPRODUCT(((ISNUMBER('GRT Central'!L6:L1135))*('GRT Central'!L6:L1135>=B12)*('GRT Central'!L6:L1135<=C12))*(('GRT Central'!K6:K1135="INSTALADO - OPERANDO")+('GRT Central'!K6:K1135="INSTALADO - SIN SEÑAL")>0)) -> 210 | E12: =SUMPRODUCT(((ISNUMBER('GRT Occidente'!L6:L784))*('GRT Occidente'!L6:L784>=B12)*('GRT Occidente'!L6:L784<=C12))*(('GRT Occidente'!K6:K784="INSTALADO - OPERANDO")+('GRT Occidente'!K6:K784="INSTALADO - SIN SEÑAL")>0)) -> 2 | F12: =SUMPRODUCT(((ISNUMBER('GRT Oriente'!L6:L400))*('GRT Oriente'!L6:L400>=B12)*('GRT Oriente'!L6:L400<=C12))*(('GRT Oriente'!K6:K400="INSTALADO - OPERANDO")+('GRT Oriente'!K6:K400="INSTALADO - SIN SEÑAL")>0)) -> 1 | G12: =SUMPRODUCT(((ISNUMBER('GRT Valle de México'!L6:L740))*('GRT Valle de México'!L6:L740>=B12)*('GRT Valle de México'!L6:L740<=C12))*(('GRT Valle de México'!K6:K740="INSTALADO - OPERANDO")+('GRT Valle de México'!K6:K740="INSTALADO - SIN SEÑAL")>0)) -> 13 | H12: =SUMPRODUCT(((ISNUMBER('GRT Noroeste'!L6:L372))*('GRT Noroeste'!L6:L372>=B12)*('GRT Noroeste'!L6:L372<=C12))*(('GRT Noroeste'!K6:K372="INSTALADO - OPERANDO")+('GRT Noroeste'!K6:K372="INSTALADO - SIN SEÑAL")>0)) -> 0 | I12: =SUMPRODUCT(((ISNUMBER('GRT Norte'!L6:L296))*('GRT Norte'!L6:L296>=B12)*('GRT Norte'!L6:L296<=C12))*(('GRT Norte'!K6:K296="INSTALADO - OPERANDO")+('GRT Norte'!K6:K296="INSTALADO - SIN SEÑAL")>0)) -> 0 | J12: =SUMPRODUCT(((ISNUMBER('GRT Noreste'!L6:L262))*('GRT Noreste'!L6:L262>=B12)*('GRT Noreste'!L6:L262<=C12))*(('GRT Noreste'!K6:K262="INSTALADO - OPERANDO")+('GRT Noreste'!K6:K262="INSTALADO - SIN SEÑAL")>0)) -> 0 | K12: =SUMPRODUCT(((ISNUMBER('GRT Baja California'!L6:L281))*('GRT Baja California'!L6:L281>=B12)*('GRT Baja California'!L6:L281<=C12))*(('GRT Baja California'!K6:K281="INSTALADO - OPERANDO")+('GRT Baja California'!K6:K281="INSTALADO - SIN SEÑAL")>0)) -> 1 | L12: =SUM(D12:K12) -> 227 | M12: =M11+L12 -> 586 | N12: =IF(M12=0,"",M12/4230) -> 0.13853428
A13: 8 | B13: 46145 | C13: 46151 | D13: =SUMPRODUCT(((ISNUMBER('GRT Central'!L6:L1135))*('GRT Central'!L6:L1135>=B13)*('GRT Central'!L6:L1135<=C13))*(('GRT Central'!K6:K1135="INSTALADO - OPERANDO")+('GRT Central'!K6:K1135="INSTALADO - SIN SEÑAL")>0)) -> 266 | E13: =SUMPRODUCT(((ISNUMBER('GRT Occidente'!L6:L784))*('GRT Occidente'!L6:L784>=B13)*('GRT Occidente'!L6:L784<=C13))*(('GRT Occidente'!K6:K784="INSTALADO - OPERANDO")+('GRT Occidente'!K6:K784="INSTALADO - SIN SEÑAL")>0)) -> 98 | F13: =SUMPRODUCT(((ISNUMBER('GRT Oriente'!L6:L400))*('GRT Oriente'!L6:L400>=B13)*('GRT Oriente'!L6:L400<=C13))*(('GRT Oriente'!K6:K400="INSTALADO - OPERANDO")+('GRT Oriente'!K6:K400="INSTALADO - SIN SEÑAL")>0)) -> 78 | G13: =SUMPRODUCT(((ISNUMBER('GRT Valle de México'!L6:L740))*('GRT Valle de México'!L6:L740>=B13)*('GRT Valle de México'!L6:L740<=C13))*(('GRT Valle de México'!K6:K740="INSTALADO - OPERANDO")+('GRT Valle de México'!K6:K740="INSTALADO - SIN SEÑAL")>0)) -> 60 | H13: =SUMPRODUCT(((ISNUMBER('GRT Noroeste'!L6:L372))*('GRT Noroeste'!L6:L372>=B13)*('GRT Noroeste'!L6:L372<=C13))*(('GRT Noroeste'!K6:K372="INSTALADO - OPERANDO")+('GRT Noroeste'!K6:K372="INSTALADO - SIN SEÑAL")>0)) -> 63 | I13: =SUMPRODUCT(((ISNUMBER('GRT Norte'!L6:L296))*('GRT Norte'!L6:L296>=B13)*('GRT Norte'!L6:L296<=C13))*(('GRT Norte'!K6:K296="INSTALADO - OPERANDO")+('GRT Norte'!K6:K296="INSTALADO - SIN SEÑAL")>0)) -> 17 | J13: =SUMPRODUCT(((ISNUMBER('GRT Noreste'!L6:L262))*('GRT Noreste'!L6:L262>=B13)*('GRT Noreste'!L6:L262<=C13))*(('GRT Noreste'!K6:K262="INSTALADO - OPERANDO")+('GRT Noreste'!K6:K262="INSTALADO - SIN SEÑAL")>0)) -> 26 | K13: =SUMPRODUCT(((ISNUMBER('GRT Baja California'!L6:L281))*('GRT Baja California'!L6:L281>=B13)*('GRT Baja California'!L6:L281<=C13))*(('GRT Baja California'!K6:K281="INSTALADO - OPERANDO")+('GRT Baja California'!K6:K281="INSTALADO - SIN SEÑAL")>0)) -> 42 | L13: =SUM(D13:K13) -> 650 | M13: =M12+L13 -> 1236 | N13: =IF(M13=0,"",M13/4230) -> 0.29219858
A14: 9 | B14: 46152 | C14: 46158 | D14: =SUMPRODUCT(((ISNUMBER('GRT Central'!L6:L1135))*('GRT Central'!L6:L1135>=B14)*('GRT Central'!L6:L1135<=C14))*(('GRT Central'!K6:K1135="INSTALADO - OPERANDO")+('GRT Central'!K6:K1135="INSTALADO - SIN SEÑAL")>0)) -> 27 | E14: =SUMPRODUCT(((ISNUMBER('GRT Occidente'!L6:L784))*('GRT Occidente'!L6:L784>=B14)*('GRT Occidente'!L6:L784<=C14))*(('GRT Occidente'!K6:K784="INSTALADO - OPERANDO")+('GRT Occidente'!K6:K784="INSTALADO - SIN SEÑAL")>0)) -> 0 | F14: =SUMPRODUCT(((ISNUMBER('GRT Oriente'!L6:L400))*('GRT Oriente'!L6:L400>=B14)*('GRT Oriente'!L6:L400<=C14))*(('GRT Oriente'!K6:K400="INSTALADO - OPERANDO")+('GRT Oriente'!K6:K400="INSTALADO - SIN SEÑAL")>0)) -> 5 | G14: =SUMPRODUCT(((ISNUMBER('GRT Valle de México'!L6:L740))*('GRT Valle de México'!L6:L740>=B14)*('GRT Valle de México'!L6:L740<=C14))*(('GRT Valle de México'!K6:K740="INSTALADO - OPERANDO")+('GRT Valle de México'!K6:K740="INSTALADO - SIN SEÑAL")>0)) -> 0 | H14: =SUMPRODUCT(((ISNUMBER('GRT Noroeste'!L6:L372))*('GRT Noroeste'!L6:L372>=B14)*('GRT Noroeste'!L6:L372<=C14))*(('GRT Noroeste'!K6:K372="INSTALADO - OPERANDO")+('GRT Noroeste'!K6:K372="INSTALADO - SIN SEÑAL")>0)) -> 0 | I14: =SUMPRODUCT(((ISNUMBER('GRT Norte'!L6:L296))*('GRT Norte'!L6:L296>=B14)*('GRT Norte'!L6:L296<=C14))*(('GRT Norte'!K6:K296="INSTALADO - OPERANDO")+('GRT Norte'!K6:K296="INSTALADO - SIN SEÑAL")>0)) -> 5 | J14: =SUMPRODUCT(((ISNUMBER('GRT Noreste'!L6:L262))*('GRT Noreste'!L6:L262>=B14)*('GRT Noreste'!L6:L262<=C14))*(('GRT Noreste'!K6:K262="INSTALADO - OPERANDO")+('GRT Noreste'!K6:K262="INSTALADO - SIN SEÑAL")>0)) -> 16 | K14: =SUMPRODUCT(((ISNUMBER('GRT Baja California'!L6:L281))*('GRT Baja California'!L6:L281>=B14)*('GRT Baja California'!L6:L281<=C14))*(('GRT Baja California'!K6:K281="INSTALADO - OPERANDO")+('GRT Baja California'!K6:K281="INSTALADO - SIN SEÑAL")>0)) -> 0 | L14: =SUM(D14:K14) -> 53 | M14: =M13+L14 -> 1289 | N14: =IF(M14=0,"",M14/4230) -> 0.30472813
A15: 10 | B15: 46159 | C15: 46165 | D15: =SUMPRODUCT(((ISNUMBER('GRT Central'!L6:L1135))*('GRT Central'!L6:L1135>=B15)*('GRT Central'!L6:L1135<=C15))*(('GRT Central'!K6:K1135="INSTALADO - OPERANDO")+('GRT Central'!K6:K1135="INSTALADO - SIN SEÑAL")>0)) -> 0 | E15: =SUMPRODUCT(((ISNUMBER('GRT Occidente'!L6:L784))*('GRT Occidente'!L6:L784>=B15)*('GRT Occidente'!L6:L784<=C15))*(('GRT Occidente'!K6:K784="INSTALADO - OPERANDO")+('GRT Occidente'!K6:K784="INSTALADO - SIN SEÑAL")>0)) -> 0 | F15: =SUMPRODUCT(((ISNUMBER('GRT Oriente'!L6:L400))*('GRT Oriente'!L6:L400>=B15)*('GRT Oriente'!L6:L400<=C15))*(('GRT Oriente'!K6:K400="INSTALADO - OPERANDO")+('GRT Oriente'!K6:K400="INSTALADO - SIN SEÑAL")>0)) -> 0 | G15: =SUMPRODUCT(((ISNUMBER('GRT Valle de México'!L6:L740))*('GRT Valle de México'!L6:L740>=B15)*('GRT Valle de México'!L6:L740<=C15))*(('GRT Valle de México'!K6:K740="INSTALADO - OPERANDO")+('GRT Valle de México'!K6:K740="INSTALADO - SIN SEÑAL")>0)) -> 0 | H15: =SUMPRODUCT(((ISNUMBER('GRT Noroeste'!L6:L372))*('GRT Noroeste'!L6:L372>=B15)*('GRT Noroeste'!L6:L372<=C15))*(('GRT Noroeste'!K6:K372="INSTALADO - OPERANDO")+('GRT Noroeste'!K6:K372="INSTALADO - SIN SEÑAL")>0)) -> 0 | I15: =SUMPRODUCT(((ISNUMBER('GRT Norte'!L6:L296))*('GRT Norte'!L6:L296>=B15)*('GRT Norte'!L6:L296<=C15))*(('GRT Norte'!K6:K296="INSTALADO - OPERANDO")+('GRT Norte'!K6:K296="INSTALADO - SIN SEÑAL")>0)) -> 0 | J15: =SUMPRODUCT(((ISNUMBER('GRT Noreste'!L6:L262))*('GRT Noreste'!L6:L262>=B15)*('GRT Noreste'!L6:L262<=C15))*(('GRT Noreste'!K6:K262="INSTALADO - OPERANDO")+('GRT Noreste'!K6:K262="INSTALADO - SIN SEÑAL")>0)) -> 0 | K15: =SUMPRODUCT(((ISNUMBER('GRT Baja California'!L6:L281))*('GRT Baja California'!L6:L281>=B15)*('GRT Baja California'!L6:L281<=C15))*(('GRT Baja California'!K6:K281="INSTALADO - OPERANDO")+('GRT Baja California'!K6:K281="INSTALADO - SIN SEÑAL")>0)) -> 0 | L15: =SUM(D15:K15) -> 0 | M15: =M14+L15 -> 1289 | N15: =IF(M15=0,"",M15/4230) -> 0.30472813
A16: 11 | B16: 46166 | C16: 46172 | D16: =SUMPRODUCT(((ISNUMBER('GRT Central'!L6:L1135))*('GRT Central'!L6:L1135>=B16)*('GRT Central'!L6:L1135<=C16))*(('GRT Central'!K6:K1135="INSTALADO - OPERANDO")+('GRT Central'!K6:K1135="INSTALADO - SIN SEÑAL")>0)) -> 0 | E16: =SUMPRODUCT(((ISNUMBER('GRT Occidente'!L6:L784))*('GRT Occidente'!L6:L784>=B16)*('GRT Occidente'!L6:L784<=C16))*(('GRT Occidente'!K6:K784="INSTALADO - OPERANDO")+('GRT Occidente'!K6:K784="INSTALADO - SIN SEÑAL")>0)) -> 0 | F16: =SUMPRODUCT(((ISNUMBER('GRT Oriente'!L6:L400))*('GRT Oriente'!L6:L400>=B16)*('GRT Oriente'!L6:L400<=C16))*(('GRT Oriente'!K6:K400="INSTALADO - OPERANDO")+('GRT Oriente'!K6:K400="INSTALADO - SIN SEÑAL")>0)) -> 0 | G16: =SUMPRODUCT(((ISNUMBER('GRT Valle de México'!L6:L740))*('GRT Valle de México'!L6:L740>=B16)*('GRT Valle de México'!L6:L740<=C16))*(('GRT Valle de México'!K6:K740="INSTALADO - OPERANDO")+('GRT Valle de México'!K6:K740="INSTALADO - SIN SEÑAL")>0)) -> 0 | H16: =SUMPRODUCT(((ISNUMBER('GRT Noroeste'!L6:L372))*('GRT Noroeste'!L6:L372>=B16)*('GRT Noroeste'!L6:L372<=C16))*(('GRT Noroeste'!K6:K372="INSTALADO - OPERANDO")+('GRT Noroeste'!K6:K372="INSTALADO - SIN SEÑAL")>0)) -> 0 | I16: =SUMPRODUCT(((ISNUMBER('GRT Norte'!L6:L296))*('GRT Norte'!L6:L296>=B16)*('GRT Norte'!L6:L296<=C16))*(('GRT Norte'!K6:K296="INSTALADO - OPERANDO")+('GRT Norte'!K6:K296="INSTALADO - SIN SEÑAL")>0)) -> 0 | J16: =SUMPRODUCT(((ISNUMBER('GRT Noreste'!L6:L262))*('GRT Noreste'!L6:L262>=B16)*('GRT Noreste'!L6:L262<=C16))*(('GRT Noreste'!K6:K262="INSTALADO - OPERANDO")+('GRT Noreste'!K6:K262="INSTALADO - SIN SEÑAL")>0)) -> 0 | K16: =SUMPRODUCT(((ISNUMBER('GRT Baja California'!L6:L281))*('GRT Baja California'!L6:L281>=B16)*('GRT Baja California'!L6:L281<=C16))*(('GRT Baja California'!K6:K281="INSTALADO - OPERANDO")+('GRT Baja California'!K6:K281="INSTALADO - SIN SEÑAL")>0)) -> 0 | L16: =SUM(D16:K16) -> 0 | M16: =M15+L16 -> 1289 | N16: =IF(M16=0,"",M16/4230) -> 0.30472813
A17: 12 | B17: 46173 | C17: 46179 | D17: =SUMPRODUCT(((ISNUMBER('GRT Central'!L6:L1135))*('GRT Central'!L6:L1135>=B17)*('GRT Central'!L6:L1135<=C17))*(('GRT Central'!K6:K1135="INSTALADO - OPERANDO")+('GRT Central'!K6:K1135="INSTALADO - SIN SEÑAL")>0)) -> 0 | E17: =SUMPRODUCT(((ISNUMBER('GRT Occidente'!L6:L784))*('GRT Occidente'!L6:L784>=B17)*('GRT Occidente'!L6:L784<=C17))*(('GRT Occidente'!K6:K784="INSTALADO - OPERANDO")+('GRT Occidente'!K6:K784="INSTALADO - SIN SEÑAL")>0)) -> 0 | F17: =SUMPRODUCT(((ISNUMBER('GRT Oriente'!L6:L400))*('GRT Oriente'!L6:L400>=B17)*('GRT Oriente'!L6:L400<=C17))*(('GRT Oriente'!K6:K400="INSTALADO - OPERANDO")+('GRT Oriente'!K6:K400="INSTALADO - SIN SEÑAL")>0)) -> 0 | G17: =SUMPRODUCT(((ISNUMBER('GRT Valle de México'!L6:L740))*('GRT Valle de México'!L6:L740>=B17)*('GRT Valle de México'!L6:L740<=C17))*(('GRT Valle de México'!K6:K740="INSTALADO - OPERANDO")+('GRT Valle de México'!K6:K740="INSTALADO - SIN SEÑAL")>0)) -> 0 | H17: =SUMPRODUCT(((ISNUMBER('GRT Noroeste'!L6:L372))*('GRT Noroeste'!L6:L372>=B17)*('GRT Noroeste'!L6:L372<=C17))*(('GRT Noroeste'!K6:K372="INSTALADO - OPERANDO")+('GRT Noroeste'!K6:K372="INSTALADO - SIN SEÑAL")>0)) -> 0 | I17: =SUMPRODUCT(((ISNUMBER('GRT Norte'!L6:L296))*('GRT Norte'!L6:L296>=B17)*('GRT Norte'!L6:L296<=C17))*(('GRT Norte'!K6:K296="INSTALADO - OPERANDO")+('GRT Norte'!K6:K296="INSTALADO - SIN SEÑAL")>0)) -> 0 | J17: =SUMPRODUCT(((ISNUMBER('GRT Noreste'!L6:L262))*('GRT Noreste'!L6:L262>=B17)*('GRT Noreste'!L6:L262<=C17))*(('GRT Noreste'!K6:K262="INSTALADO - OPERANDO")+('GRT Noreste'!K6:K262="INSTALADO - SIN SEÑAL")>0)) -> 0 | K17: =SUMPRODUCT(((ISNUMBER('GRT Baja California'!L6:L281))*('GRT Baja California'!L6:L281>=B17)*('GRT Baja California'!L6:L281<=C17))*(('GRT Baja California'!K6:K281="INSTALADO - OPERANDO")+('GRT Baja California'!K6:K281="INSTALADO - SIN SEÑAL")>0)) -> 0 | L17: =SUM(D17:K17) -> 0 | M17: =M16+L17 -> 1289 | N17: =IF(M17=0,"",M17/4230) -> 0.30472813
A18: 13 | B18: 46180 | C18: 46186 | D18: =SUMPRODUCT(((ISNUMBER('GRT Central'!L6:L1135))*('GRT Central'!L6:L1135>=B18)*('GRT Central'!L6:L1135<=C18))*(('GRT Central'!K6:K1135="INSTALADO - OPERANDO")+('GRT Central'!K6:K1135="INSTALADO - SIN SEÑAL")>0)) -> 0 | E18: =SUMPRODUCT(((ISNUMBER('GRT Occidente'!L6:L784))*('GRT Occidente'!L6:L784>=B18)*('GRT Occidente'!L6:L784<=C18))*(('GRT Occidente'!K6:K784="INSTALADO - OPERANDO")+('GRT Occidente'!K6:K784="INSTALADO - SIN SEÑAL")>0)) -> 0 | F18: =SUMPRODUCT(((ISNUMBER('GRT Oriente'!L6:L400))*('GRT Oriente'!L6:L400>=B18)*('GRT Oriente'!L6:L400<=C18))*(('GRT Oriente'!K6:K400="INSTALADO - OPERANDO")+('GRT Oriente'!K6:K400="INSTALADO - SIN SEÑAL")>0)) -> 0 | G18: =SUMPRODUCT(((ISNUMBER('GRT Valle de México'!L6:L740))*('GRT Valle de México'!L6:L740>=B18)*('GRT Valle de México'!L6:L740<=C18))*(('GRT Valle de México'!K6:K740="INSTALADO - OPERANDO")+('GRT Valle de México'!K6:K740="INSTALADO - SIN SEÑAL")>0)) -> 0 | H18: =SUMPRODUCT(((ISNUMBER('GRT Noroeste'!L6:L372))*('GRT Noroeste'!L6:L372>=B18)*('GRT Noroeste'!L6:L372<=C18))*(('GRT Noroeste'!K6:K372="INSTALADO - OPERANDO")+('GRT Noroeste'!K6:K372="INSTALADO - SIN SEÑAL")>0)) -> 0 | I18: =SUMPRODUCT(((ISNUMBER('GRT Norte'!L6:L296))*('GRT Norte'!L6:L296>=B18)*('GRT Norte'!L6:L296<=C18))*(('GRT Norte'!K6:K296="INSTALADO - OPERANDO")+('GRT Norte'!K6:K296="INSTALADO - SIN SEÑAL")>0)) -> 0 | J18: =SUMPRODUCT(((ISNUMBER('GRT Noreste'!L6:L262))*('GRT Noreste'!L6:L262>=B18)*('GRT Noreste'!L6:L262<=C18))*(('GRT Noreste'!K6:K262="INSTALADO - OPERANDO")+('GRT Noreste'!K6:K262="INSTALADO - SIN SEÑAL")>0)) -> 0 | K18: =SUMPRODUCT(((ISNUMBER('GRT Baja California'!L6:L281))*('GRT Baja California'!L6:L281>=B18)*('GRT Baja California'!L6:L281<=C18))*(('GRT Baja California'!K6:K281="INSTALADO - OPERANDO")+('GRT Baja California'!K6:K281="INSTALADO - SIN SEÑAL")>0)) -> 0 | L18: =SUM(D18:K18) -> 0 | M18: =M17+L18 -> 1289 | N18: =IF(M18=0,"",M18/4230) -> 0.30472813
A19: 14 | B19: 46187 | C19: 46193 | D19: =SUMPRODUCT(((ISNUMBER('GRT Central'!L6:L1135))*('GRT Central'!L6:L1135>=B19)*('GRT Central'!L6:L1135<=C19))*(('GRT Central'!K6:K1135="INSTALADO - OPERANDO")+('GRT Central'!K6:K1135="INSTALADO - SIN SEÑAL")>0)) -> 0 | E19: =SUMPRODUCT(((ISNUMBER('GRT Occidente'!L6:L784))*('GRT Occidente'!L6:L784>=B19)*('GRT Occidente'!L6:L784<=C19))*(('GRT Occidente'!K6:K784="INSTALADO - OPERANDO")+('GRT Occidente'!K6:K784="INSTALADO - SIN SEÑAL")>0)) -> 0 | F19: =SUMPRODUCT(((ISNUMBER('GRT Oriente'!L6:L400))*('GRT Oriente'!L6:L400>=B19)*('GRT Oriente'!L6:L400<=C19))*(('GRT Oriente'!K6:K400="INSTALADO - OPERANDO")+('GRT Oriente'!K6:K400="INSTALADO - SIN SEÑAL")>0)) -> 0 | G19: =SUMPRODUCT(((ISNUMBER('GRT Valle de México'!L6:L740))*('GRT Valle de México'!L6:L740>=B19)*('GRT Valle de México'!L6:L740<=C19))*(('GRT Valle de México'!K6:K740="INSTALADO - OPERANDO")+('GRT Valle de México'!K6:K740="INSTALADO - SIN SEÑAL")>0)) -> 0 | H19: =SUMPRODUCT(((ISNUMBER('GRT Noroeste'!L6:L372))*('GRT Noroeste'!L6:L372>=B19)*('GRT Noroeste'!L6:L372<=C19))*(('GRT Noroeste'!K6:K372="INSTALADO - OPERANDO")+('GRT Noroeste'!K6:K372="INSTALADO - SIN SEÑAL")>0)) -> 0 | I19: =SUMPRODUCT(((ISNUMBER('GRT Norte'!L6:L296))*('GRT Norte'!L6:L296>=B19)*('GRT Norte'!L6:L296<=C19))*(('GRT Norte'!K6:K296="INSTALADO - OPERANDO")+('GRT Norte'!K6:K296="INSTALADO - SIN SEÑAL")>0)) -> 0 | J19: =SUMPRODUCT(((ISNUMBER('GRT Noreste'!L6:L262))*('GRT Noreste'!L6:L262>=B19)*('GRT Noreste'!L6:L262<=C19))*(('GRT Noreste'!K6:K262="INSTALADO - OPERANDO")+('GRT Noreste'!K6:K262="INSTALADO - SIN SEÑAL")>0)) -> 0 | K19: =SUMPRODUCT(((ISNUMBER('GRT Baja California'!L6:L281))*('GRT Baja California'!L6:L281>=B19)*('GRT Baja California'!L6:L281<=C19))*(('GRT Baja California'!K6:K281="INSTALADO - OPERANDO")+('GRT Baja California'!K6:K281="INSTALADO - SIN SEÑAL")>0)) -> 0 | L19: =SUM(D19:K19) -> 0 | M19: =M18+L19 -> 1289 | N19: =IF(M19=0,"",M19/4230) -> 0.30472813
A20: 15 | B20: 46194 | C20: 46200 | D20: =SUMPRODUCT(((ISNUMBER('GRT Central'!L6:L1135))*('GRT Central'!L6:L1135>=B20)*('GRT Central'!L6:L1135<=C20))*(('GRT Central'!K6:K1135="INSTALADO - OPERANDO")+('GRT Central'!K6:K1135="INSTALADO - SIN SEÑAL")>0)) -> 0 | E20: =SUMPRODUCT(((ISNUMBER('GRT Occidente'!L6:L784))*('GRT Occidente'!L6:L784>=B20)*('GRT Occidente'!L6:L784<=C20))*(('GRT Occidente'!K6:K784="INSTALADO - OPERANDO")+('GRT Occidente'!K6:K784="INSTALADO - SIN SEÑAL")>0)) -> 0 | F20: =SUMPRODUCT(((ISNUMBER('GRT Oriente'!L6:L400))*('GRT Oriente'!L6:L400>=B20)*('GRT Oriente'!L6:L400<=C20))*(('GRT Oriente'!K6:K400="INSTALADO - OPERANDO")+('GRT Oriente'!K6:K400="INSTALADO - SIN SEÑAL")>0)) -> 0 | G20: =SUMPRODUCT(((ISNUMBER('GRT Valle de México'!L6:L740))*('GRT Valle de México'!L6:L740>=B20)*('GRT Valle de México'!L6:L740<=C20))*(('GRT Valle de México'!K6:K740="INSTALADO - OPERANDO")+('GRT Valle de México'!K6:K740="INSTALADO - SIN SEÑAL")>0)) -> 0 | H20: =SUMPRODUCT(((ISNUMBER('GRT Noroeste'!L6:L372))*('GRT Noroeste'!L6:L372>=B20)*('GRT Noroeste'!L6:L372<=C20))*(('GRT Noroeste'!K6:K372="INSTALADO - OPERANDO")+('GRT Noroeste'!K6:K372="INSTALADO - SIN SEÑAL")>0)) -> 0 | I20: =SUMPRODUCT(((ISNUMBER('GRT Norte'!L6:L296))*('GRT Norte'!L6:L296>=B20)*('GRT Norte'!L6:L296<=C20))*(('GRT Norte'!K6:K296="INSTALADO - OPERANDO")+('GRT Norte'!K6:K296="INSTALADO - SIN SEÑAL")>0)) -> 0 | J20: =SUMPRODUCT(((ISNUMBER('GRT Noreste'!L6:L262))*('GRT Noreste'!L6:L262>=B20)*('GRT Noreste'!L6:L262<=C20))*(('GRT Noreste'!K6:K262="INSTALADO - OPERANDO")+('GRT Noreste'!K6:K262="INSTALADO - SIN SEÑAL")>0)) -> 0 | K20: =SUMPRODUCT(((ISNUMBER('GRT Baja California'!L6:L281))*('GRT Baja California'!L6:L281>=B20)*('GRT Baja California'!L6:L281<=C20))*(('GRT Baja California'!K6:K281="INSTALADO - OPERANDO")+('GRT Baja California'!K6:K281="INSTALADO - SIN SEÑAL")>0)) -> 0 | L20: =SUM(D20:K20) -> 0 | M20: =M19+L20 -> 1289 | N20: =IF(M20=0,"",M20/4230) -> 0.30472813
A21: 16 | B21: 46201 | C21: 46207 | D21: =SUMPRODUCT(((ISNUMBER('GRT Central'!L6:L1135))*('GRT Central'!L6:L1135>=B21)*('GRT Central'!L6:L1135<=C21))*(('GRT Central'!K6:K1135="INSTALADO - OPERANDO")+('GRT Central'!K6:K1135="INSTALADO - SIN SEÑAL")>0)) -> 0 | E21: =SUMPRODUCT(((ISNUMBER('GRT Occidente'!L6:L784))*('GRT Occidente'!L6:L784>=B21)*('GRT Occidente'!L6:L784<=C21))*(('GRT Occidente'!K6:K784="INSTALADO - OPERANDO")+('GRT Occidente'!K6:K784="INSTALADO - SIN SEÑAL")>0)) -> 0 | F21: =SUMPRODUCT(((ISNUMBER('GRT Oriente'!L6:L400))*('GRT Oriente'!L6:L400>=B21)*('GRT Oriente'!L6:L400<=C21))*(('GRT Oriente'!K6:K400="INSTALADO - OPERANDO")+('GRT Oriente'!K6:K400="INSTALADO - SIN SEÑAL")>0)) -> 0 | G21: =SUMPRODUCT(((ISNUMBER('GRT Valle de México'!L6:L740))*('GRT Valle de México'!L6:L740>=B21)*('GRT Valle de México'!L6:L740<=C21))*(('GRT Valle de México'!K6:K740="INSTALADO - OPERANDO")+('GRT Valle de México'!K6:K740="INSTALADO - SIN SEÑAL")>0)) -> 0 | H21: =SUMPRODUCT(((ISNUMBER('GRT Noroeste'!L6:L372))*('GRT Noroeste'!L6:L372>=B21)*('GRT Noroeste'!L6:L372<=C21))*(('GRT Noroeste'!K6:K372="INSTALADO - OPERANDO")+('GRT Noroeste'!K6:K372="INSTALADO - SIN SEÑAL")>0)) -> 0 | I21: =SUMPRODUCT(((ISNUMBER('GRT Norte'!L6:L296))*('GRT Norte'!L6:L296>=B21)*('GRT Norte'!L6:L296<=C21))*(('GRT Norte'!K6:K296="INSTALADO - OPERANDO")+('GRT Norte'!K6:K296="INSTALADO - SIN SEÑAL")>0)) -> 0 | J21: =SUMPRODUCT(((ISNUMBER('GRT Noreste'!L6:L262))*('GRT Noreste'!L6:L262>=B21)*('GRT Noreste'!L6:L262<=C21))*(('GRT Noreste'!K6:K262="INSTALADO - OPERANDO")+('GRT Noreste'!K6:K262="INSTALADO - SIN SEÑAL")>0)) -> 0 | K21: =SUMPRODUCT(((ISNUMBER('GRT Baja California'!L6:L281))*('GRT Baja California'!L6:L281>=B21)*('GRT Baja California'!L6:L281<=C21))*(('GRT Baja California'!K6:K281="INSTALADO - OPERANDO")+('GRT Baja California'!K6:K281="INSTALADO - SIN SEÑAL")>0)) -> 0 | L21: =SUM(D21:K21) -> 0 | M21: =M20+L21 -> 1289 | N21: =IF(M21=0,"",M21/4230) -> 0.30472813
A22: 17 | B22: 46208 | C22: 46214 | D22: =SUMPRODUCT(((ISNUMBER('GRT Central'!L6:L1135))*('GRT Central'!L6:L1135>=B22)*('GRT Central'!L6:L1135<=C22))*(('GRT Central'!K6:K1135="INSTALADO - OPERANDO")+('GRT Central'!K6:K1135="INSTALADO - SIN SEÑAL")>0)) -> 0 | E22: =SUMPRODUCT(((ISNUMBER('GRT Occidente'!L6:L784))*('GRT Occidente'!L6:L784>=B22)*('GRT Occidente'!L6:L784<=C22))*(('GRT Occidente'!K6:K784="INSTALADO - OPERANDO")+('GRT Occidente'!K6:K784="INSTALADO - SIN SEÑAL")>0)) -> 0 | F22: =SUMPRODUCT(((ISNUMBER('GRT Oriente'!L6:L400))*('GRT Oriente'!L6:L400>=B22)*('GRT Oriente'!L6:L400<=C22))*(('GRT Oriente'!K6:K400="INSTALADO - OPERANDO")+('GRT Oriente'!K6:K400="INSTALADO - SIN SEÑAL")>0)) -> 0 | G22: =SUMPRODUCT(((ISNUMBER('GRT Valle de México'!L6:L740))*('GRT Valle de México'!L6:L740>=B22)*('GRT Valle de México'!L6:L740<=C22))*(('GRT Valle de México'!K6:K740="INSTALADO - OPERANDO")+('GRT Valle de México'!K6:K740="INSTALADO - SIN SEÑAL")>0)) -> 0 | H22: =SUMPRODUCT(((ISNUMBER('GRT Noroeste'!L6:L372))*('GRT Noroeste'!L6:L372>=B22)*('GRT Noroeste'!L6:L372<=C22))*(('GRT Noroeste'!K6:K372="INSTALADO - OPERANDO")+('GRT Noroeste'!K6:K372="INSTALADO - SIN SEÑAL")>0)) -> 0 | I22: =SUMPRODUCT(((ISNUMBER('GRT Norte'!L6:L296))*('GRT Norte'!L6:L296>=B22)*('GRT Norte'!L6:L296<=C22))*(('GRT Norte'!K6:K296="INSTALADO - OPERANDO")+('GRT Norte'!K6:K296="INSTALADO - SIN SEÑAL")>0)) -> 0 | J22: =SUMPRODUCT(((ISNUMBER('GRT Noreste'!L6:L262))*('GRT Noreste'!L6:L262>=B22)*('GRT Noreste'!L6:L262<=C22))*(('GRT Noreste'!K6:K262="INSTALADO - OPERANDO")+('GRT Noreste'!K6:K262="INSTALADO - SIN SEÑAL")>0)) -> 0 | K22: =SUMPRODUCT(((ISNUMBER('GRT Baja California'!L6:L281))*('GRT Baja California'!L6:L281>=B22)*('GRT Baja California'!L6:L281<=C22))*(('GRT Baja California'!K6:K281="INSTALADO - OPERANDO")+('GRT Baja California'!K6:K281="INSTALADO - SIN SEÑAL")>0)) -> 0 | L22: =SUM(D22:K22) -> 0 | M22: =M21+L22 -> 1289 | N22: =IF(M22=0,"",M22/4230) -> 0.30472813
A23: 18 | B23: 46215 | C23: 46221 | D23: =SUMPRODUCT(((ISNUMBER('GRT Central'!L6:L1135))*('GRT Central'!L6:L1135>=B23)*('GRT Central'!L6:L1135<=C23))*(('GRT Central'!K6:K1135="INSTALADO - OPERANDO")+('GRT Central'!K6:K1135="INSTALADO - SIN SEÑAL")>0)) -> 0 | E23: =SUMPRODUCT(((ISNUMBER('GRT Occidente'!L6:L784))*('GRT Occidente'!L6:L784>=B23)*('GRT Occidente'!L6:L784<=C23))*(('GRT Occidente'!K6:K784="INSTALADO - OPERANDO")+('GRT Occidente'!K6:K784="INSTALADO - SIN SEÑAL")>0)) -> 0 | F23: =SUMPRODUCT(((ISNUMBER('GRT Oriente'!L6:L400))*('GRT Oriente'!L6:L400>=B23)*('GRT Oriente'!L6:L400<=C23))*(('GRT Oriente'!K6:K400="INSTALADO - OPERANDO")+('GRT Oriente'!K6:K400="INSTALADO - SIN SEÑAL")>0)) -> 0 | G23: =SUMPRODUCT(((ISNUMBER('GRT Valle de México'!L6:L740))*('GRT Valle de México'!L6:L740>=B23)*('GRT Valle de México'!L6:L740<=C23))*(('GRT Valle de México'!K6:K740="INSTALADO - OPERANDO")+('GRT Valle de México'!K6:K740="INSTALADO - SIN SEÑAL")>0)) -> 0 | H23: =SUMPRODUCT(((ISNUMBER('GRT Noroeste'!L6:L372))*('GRT Noroeste'!L6:L372>=B23)*('GRT Noroeste'!L6:L372<=C23))*(('GRT Noroeste'!K6:K372="INSTALADO - OPERANDO")+('GRT Noroeste'!K6:K372="INSTALADO - SIN SEÑAL")>0)) -> 0 | I23: =SUMPRODUCT(((ISNUMBER('GRT Norte'!L6:L296))*('GRT Norte'!L6:L296>=B23)*('GRT Norte'!L6:L296<=C23))*(('GRT Norte'!K6:K296="INSTALADO - OPERANDO")+('GRT Norte'!K6:K296="INSTALADO - SIN SEÑAL")>0)) -> 0 | J23: =SUMPRODUCT(((ISNUMBER('GRT Noreste'!L6:L262))*('GRT Noreste'!L6:L262>=B23)*('GRT Noreste'!L6:L262<=C23))*(('GRT Noreste'!K6:K262="INSTALADO - OPERANDO")+('GRT Noreste'!K6:K262="INSTALADO - SIN SEÑAL")>0)) -> 0 | K23: =SUMPRODUCT(((ISNUMBER('GRT Baja California'!L6:L281))*('GRT Baja California'!L6:L281>=B23)*('GRT Baja California'!L6:L281<=C23))*(('GRT Baja California'!K6:K281="INSTALADO - OPERANDO")+('GRT Baja California'!K6:K281="INSTALADO - SIN SEÑAL")>0)) -> 0 | L23: =SUM(D23:K23) -> 0 | M23: =M22+L23 -> 1289 | N23: =IF(M23=0,"",M23/4230) -> 0.30472813
A24: 19 | B24: 46222 | C24: 46228 | D24: =SUMPRODUCT(((ISNUMBER('GRT Central'!L6:L1135))*('GRT Central'!L6:L1135>=B24)*('GRT Central'!L6:L1135<=C24))*(('GRT Central'!K6:K1135="INSTALADO - OPERANDO")+('GRT Central'!K6:K1135="INSTALADO - SIN SEÑAL")>0)) -> 0 | E24: =SUMPRODUCT(((ISNUMBER('GRT Occidente'!L6:L784))*('GRT Occidente'!L6:L784>=B24)*('GRT Occidente'!L6:L784<=C24))*(('GRT Occidente'!K6:K784="INSTALADO - OPERANDO")+('GRT Occidente'!K6:K784="INSTALADO - SIN SEÑAL")>0)) -> 0 | F24: =SUMPRODUCT(((ISNUMBER('GRT Oriente'!L6:L400))*('GRT Oriente'!L6:L400>=B24)*('GRT Oriente'!L6:L400<=C24))*(('GRT Oriente'!K6:K400="INSTALADO - OPERANDO")+('GRT Oriente'!K6:K400="INSTALADO - SIN SEÑAL")>0)) -> 0 | G24: =SUMPRODUCT(((ISNUMBER('GRT Valle de México'!L6:L740))*('GRT Valle de México'!L6:L740>=B24)*('GRT Valle de México'!L6:L740<=C24))*(('GRT Valle de México'!K6:K740="INSTALADO - OPERANDO")+('GRT Valle de México'!K6:K740="INSTALADO - SIN SEÑAL")>0)) -> 0 | H24: =SUMPRODUCT(((ISNUMBER('GRT Noroeste'!L6:L372))*('GRT Noroeste'!L6:L372>=B24)*('GRT Noroeste'!L6:L372<=C24))*(('GRT Noroeste'!K6:K372="INSTALADO - OPERANDO")+('GRT Noroeste'!K6:K372="INSTALADO - SIN SEÑAL")>0)) -> 0 | I24: =SUMPRODUCT(((ISNUMBER('GRT Norte'!L6:L296))*('GRT Norte'!L6:L296>=B24)*('GRT Norte'!L6:L296<=C24))*(('GRT Norte'!K6:K296="INSTALADO - OPERANDO")+('GRT Norte'!K6:K296="INSTALADO - SIN SEÑAL")>0)) -> 0 | J24: =SUMPRODUCT(((ISNUMBER('GRT Noreste'!L6:L262))*('GRT Noreste'!L6:L262>=B24)*('GRT Noreste'!L6:L262<=C24))*(('GRT Noreste'!K6:K262="INSTALADO - OPERANDO")+('GRT Noreste'!K6:K262="INSTALADO - SIN SEÑAL")>0)) -> 0 | K24: =SUMPRODUCT(((ISNUMBER('GRT Baja California'!L6:L281))*('GRT Baja California'!L6:L281>=B24)*('GRT Baja California'!L6:L281<=C24))*(('GRT Baja California'!K6:K281="INSTALADO - OPERANDO")+('GRT Baja California'!K6:K281="INSTALADO - SIN SEÑAL")>0)) -> 0 | L24: =SUM(D24:K24) -> 0 | M24: =M23+L24 -> 1289 | N24: =IF(M24=0,"",M24/4230) -> 0.30472813
A25: 20 | B25: 46229 | C25: 46235 | D25: =SUMPRODUCT(((ISNUMBER('GRT Central'!L6:L1135))*('GRT Central'!L6:L1135>=B25)*('GRT Central'!L6:L1135<=C25))*(('GRT Central'!K6:K1135="INSTALADO - OPERANDO")+('GRT Central'!K6:K1135="INSTALADO - SIN SEÑAL")>0)) -> 0 | E25: =SUMPRODUCT(((ISNUMBER('GRT Occidente'!L6:L784))*('GRT Occidente'!L6:L784>=B25)*('GRT Occidente'!L6:L784<=C25))*(('GRT Occidente'!K6:K784="INSTALADO - OPERANDO")+('GRT Occidente'!K6:K784="INSTALADO - SIN SEÑAL")>0)) -> 0 | F25: =SUMPRODUCT(((ISNUMBER('GRT Oriente'!L6:L400))*('GRT Oriente'!L6:L400>=B25)*('GRT Oriente'!L6:L400<=C25))*(('GRT Oriente'!K6:K400="INSTALADO - OPERANDO")+('GRT Oriente'!K6:K400="INSTALADO - SIN SEÑAL")>0)) -> 0 | G25: =SUMPRODUCT(((ISNUMBER('GRT Valle de México'!L6:L740))*('GRT Valle de México'!L6:L740>=B25)*('GRT Valle de México'!L6:L740<=C25))*(('GRT Valle de México'!K6:K740="INSTALADO - OPERANDO")+('GRT Valle de México'!K6:K740="INSTALADO - SIN SEÑAL")>0)) -> 0 | H25: =SUMPRODUCT(((ISNUMBER('GRT Noroeste'!L6:L372))*('GRT Noroeste'!L6:L372>=B25)*('GRT Noroeste'!L6:L372<=C25))*(('GRT Noroeste'!K6:K372="INSTALADO - OPERANDO")+('GRT Noroeste'!K6:K372="INSTALADO - SIN SEÑAL")>0)) -> 0 | I25: =SUMPRODUCT(((ISNUMBER('GRT Norte'!L6:L296))*('GRT Norte'!L6:L296>=B25)*('GRT Norte'!L6:L296<=C25))*(('GRT Norte'!K6:K296="INSTALADO - OPERANDO")+('GRT Norte'!K6:K296="INSTALADO - SIN SEÑAL")>0)) -> 0 | J25: =SUMPRODUCT(((ISNUMBER('GRT Noreste'!L6:L262))*('GRT Noreste'!L6:L262>=B25)*('GRT Noreste'!L6:L262<=C25))*(('GRT Noreste'!K6:K262="INSTALADO - OPERANDO")+('GRT Noreste'!K6:K262="INSTALADO - SIN SEÑAL")>0)) -> 0 | K25: =SUMPRODUCT(((ISNUMBER('GRT Baja California'!L6:L281))*('GRT Baja California'!L6:L281>=B25)*('GRT Baja California'!L6:L281<=C25))*(('GRT Baja California'!K6:K281="INSTALADO - OPERANDO")+('GRT Baja California'!K6:K281="INSTALADO - SIN SEÑAL")>0)) -> 0 | L25: =SUM(D25:K25) -> 0 | M25: =M24+L25 -> 1289 | N25: =IF(M25=0,"",M25/4230) -> 0.30472813
A26: 21 | B26: 46236 | C26: 46242 | D26: =SUMPRODUCT(((ISNUMBER('GRT Central'!L6:L1135))*('GRT Central'!L6:L1135>=B26)*('GRT Central'!L6:L1135<=C26))*(('GRT Central'!K6:K1135="INSTALADO - OPERANDO")+('GRT Central'!K6:K1135="INSTALADO - SIN SEÑAL")>0)) -> 0 | E26: =SUMPRODUCT(((ISNUMBER('GRT Occidente'!L6:L784))*('GRT Occidente'!L6:L784>=B26)*('GRT Occidente'!L6:L784<=C26))*(('GRT Occidente'!K6:K784="INSTALADO - OPERANDO")+('GRT Occidente'!K6:K784="INSTALADO - SIN SEÑAL")>0)) -> 0 | F26: =SUMPRODUCT(((ISNUMBER('GRT Oriente'!L6:L400))*('GRT Oriente'!L6:L400>=B26)*('GRT Oriente'!L6:L400<=C26))*(('GRT Oriente'!K6:K400="INSTALADO - OPERANDO")+('GRT Oriente'!K6:K400="INSTALADO - SIN SEÑAL")>0)) -> 0 | G26: =SUMPRODUCT(((ISNUMBER('GRT Valle de México'!L6:L740))*('GRT Valle de México'!L6:L740>=B26)*('GRT Valle de México'!L6:L740<=C26))*(('GRT Valle de México'!K6:K740="INSTALADO - OPERANDO")+('GRT Valle de México'!K6:K740="INSTALADO - SIN SEÑAL")>0)) -> 0 | H26: =SUMPRODUCT(((ISNUMBER('GRT Noroeste'!L6:L372))*('GRT Noroeste'!L6:L372>=B26)*('GRT Noroeste'!L6:L372<=C26))*(('GRT Noroeste'!K6:K372="INSTALADO - OPERANDO")+('GRT Noroeste'!K6:K372="INSTALADO - SIN SEÑAL")>0)) -> 0 | I26: =SUMPRODUCT(((ISNUMBER('GRT Norte'!L6:L296))*('GRT Norte'!L6:L296>=B26)*('GRT Norte'!L6:L296<=C26))*(('GRT Norte'!K6:K296="INSTALADO - OPERANDO")+('GRT Norte'!K6:K296="INSTALADO - SIN SEÑAL")>0)) -> 0 | J26: =SUMPRODUCT(((ISNUMBER('GRT Noreste'!L6:L262))*('GRT Noreste'!L6:L262>=B26)*('GRT Noreste'!L6:L262<=C26))*(('GRT Noreste'!K6:K262="INSTALADO - OPERANDO")+('GRT Noreste'!K6:K262="INSTALADO - SIN SEÑAL")>0)) -> 0 | K26: =SUMPRODUCT(((ISNUMBER('GRT Baja California'!L6:L281))*('GRT Baja California'!L6:L281>=B26)*('GRT Baja California'!L6:L281<=C26))*(('GRT Baja California'!K6:K281="INSTALADO - OPERANDO")+('GRT Baja California'!K6:K281="INSTALADO - SIN SEÑAL")>0)) -> 0 | L26: =SUM(D26:K26) -> 0 | M26: =M25+L26 -> 1289 | N26: =IF(M26=0,"",M26/4230) -> 0.30472813
A27: 22 | B27: 46243 | C27: 46249 | D27: =SUMPRODUCT(((ISNUMBER('GRT Central'!L6:L1135))*('GRT Central'!L6:L1135>=B27)*('GRT Central'!L6:L1135<=C27))*(('GRT Central'!K6:K1135="INSTALADO - OPERANDO")+('GRT Central'!K6:K1135="INSTALADO - SIN SEÑAL")>0)) -> 0 | E27: =SUMPRODUCT(((ISNUMBER('GRT Occidente'!L6:L784))*('GRT Occidente'!L6:L784>=B27)*('GRT Occidente'!L6:L784<=C27))*(('GRT Occidente'!K6:K784="INSTALADO - OPERANDO")+('GRT Occidente'!K6:K784="INSTALADO - SIN SEÑAL")>0)) -> 0 | F27: =SUMPRODUCT(((ISNUMBER('GRT Oriente'!L6:L400))*('GRT Oriente'!L6:L400>=B27)*('GRT Oriente'!L6:L400<=C27))*(('GRT Oriente'!K6:K400="INSTALADO - OPERANDO")+('GRT Oriente'!K6:K400="INSTALADO - SIN SEÑAL")>0)) -> 0 | G27: =SUMPRODUCT(((ISNUMBER('GRT Valle de México'!L6:L740))*('GRT Valle de México'!L6:L740>=B27)*('GRT Valle de México'!L6:L740<=C27))*(('GRT Valle de México'!K6:K740="INSTALADO - OPERANDO")+('GRT Valle de México'!K6:K740="INSTALADO - SIN SEÑAL")>0)) -> 0 | H27: =SUMPRODUCT(((ISNUMBER('GRT Noroeste'!L6:L372))*('GRT Noroeste'!L6:L372>=B27)*('GRT Noroeste'!L6:L372<=C27))*(('GRT Noroeste'!K6:K372="INSTALADO - OPERANDO")+('GRT Noroeste'!K6:K372="INSTALADO - SIN SEÑAL")>0)) -> 0 | I27: =SUMPRODUCT(((ISNUMBER('GRT Norte'!L6:L296))*('GRT Norte'!L6:L296>=B27)*('GRT Norte'!L6:L296<=C27))*(('GRT Norte'!K6:K296="INSTALADO - OPERANDO")+('GRT Norte'!K6:K296="INSTALADO - SIN SEÑAL")>0)) -> 0 | J27: =SUMPRODUCT(((ISNUMBER('GRT Noreste'!L6:L262))*('GRT Noreste'!L6:L262>=B27)*('GRT Noreste'!L6:L262<=C27))*(('GRT Noreste'!K6:K262="INSTALADO - OPERANDO")+('GRT Noreste'!K6:K262="INSTALADO - SIN SEÑAL")>0)) -> 0 | K27: =SUMPRODUCT(((ISNUMBER('GRT Baja California'!L6:L281))*('GRT Baja California'!L6:L281>=B27)*('GRT Baja California'!L6:L281<=C27))*(('GRT Baja California'!K6:K281="INSTALADO - OPERANDO")+('GRT Baja California'!K6:K281="INSTALADO - SIN SEÑAL")>0)) -> 0 | L27: =SUM(D27:K27) -> 0 | M27: =M26+L27 -> 1289 | N27: =IF(M27=0,"",M27/4230) -> 0.30472813
A28: 23 | B28: 46250 | C28: 46256 | D28: =SUMPRODUCT(((ISNUMBER('GRT Central'!L6:L1135))*('GRT Central'!L6:L1135>=B28)*('GRT Central'!L6:L1135<=C28))*(('GRT Central'!K6:K1135="INSTALADO - OPERANDO")+('GRT Central'!K6:K1135="INSTALADO - SIN SEÑAL")>0)) -> 0 | E28: =SUMPRODUCT(((ISNUMBER('GRT Occidente'!L6:L784))*('GRT Occidente'!L6:L784>=B28)*('GRT Occidente'!L6:L784<=C28))*(('GRT Occidente'!K6:K784="INSTALADO - OPERANDO")+('GRT Occidente'!K6:K784="INSTALADO - SIN SEÑAL")>0)) -> 0 | F28: =SUMPRODUCT(((ISNUMBER('GRT Oriente'!L6:L400))*('GRT Oriente'!L6:L400>=B28)*('GRT Oriente'!L6:L400<=C28))*(('GRT Oriente'!K6:K400="INSTALADO - OPERANDO")+('GRT Oriente'!K6:K400="INSTALADO - SIN SEÑAL")>0)) -> 0 | G28: =SUMPRODUCT(((ISNUMBER('GRT Valle de México'!L6:L740))*('GRT Valle de México'!L6:L740>=B28)*('GRT Valle de México'!L6:L740<=C28))*(('GRT Valle de México'!K6:K740="INSTALADO - OPERANDO")+('GRT Valle de México'!K6:K740="INSTALADO - SIN SEÑAL")>0)) -> 0 | H28: =SUMPRODUCT(((ISNUMBER('GRT Noroeste'!L6:L372))*('GRT Noroeste'!L6:L372>=B28)*('GRT Noroeste'!L6:L372<=C28))*(('GRT Noroeste'!K6:K372="INSTALADO - OPERANDO")+('GRT Noroeste'!K6:K372="INSTALADO - SIN SEÑAL")>0)) -> 0 | I28: =SUMPRODUCT(((ISNUMBER('GRT Norte'!L6:L296))*('GRT Norte'!L6:L296>=B28)*('GRT Norte'!L6:L296<=C28))*(('GRT Norte'!K6:K296="INSTALADO - OPERANDO")+('GRT Norte'!K6:K296="INSTALADO - SIN SEÑAL")>0)) -> 0 | J28: =SUMPRODUCT(((ISNUMBER('GRT Noreste'!L6:L262))*('GRT Noreste'!L6:L262>=B28)*('GRT Noreste'!L6:L262<=C28))*(('GRT Noreste'!K6:K262="INSTALADO - OPERANDO")+('GRT Noreste'!K6:K262="INSTALADO - SIN SEÑAL")>0)) -> 0 | K28: =SUMPRODUCT(((ISNUMBER('GRT Baja California'!L6:L281))*('GRT Baja California'!L6:L281>=B28)*('GRT Baja California'!L6:L281<=C28))*(('GRT Baja California'!K6:K281="INSTALADO - OPERANDO")+('GRT Baja California'!K6:K281="INSTALADO - SIN SEÑAL")>0)) -> 0 | L28: =SUM(D28:K28) -> 0 | M28: =M27+L28 -> 1289 | N28: =IF(M28=0,"",M28/4230) -> 0.30472813
A29: 24 | B29: 46257 | C29: 46263 | D29: =SUMPRODUCT(((ISNUMBER('GRT Central'!L6:L1135))*('GRT Central'!L6:L1135>=B29)*('GRT Central'!L6:L1135<=C29))*(('GRT Central'!K6:K1135="INSTALADO - OPERANDO")+('GRT Central'!K6:K1135="INSTALADO - SIN SEÑAL")>0)) -> 0 | E29: =SUMPRODUCT(((ISNUMBER('GRT Occidente'!L6:L784))*('GRT Occidente'!L6:L784>=B29)*('GRT Occidente'!L6:L784<=C29))*(('GRT Occidente'!K6:K784="INSTALADO - OPERANDO")+('GRT Occidente'!K6:K784="INSTALADO - SIN SEÑAL")>0)) -> 0 | F29: =SUMPRODUCT(((ISNUMBER('GRT Oriente'!L6:L400))*('GRT Oriente'!L6:L400>=B29)*('GRT Oriente'!L6:L400<=C29))*(('GRT Oriente'!K6:K400="INSTALADO - OPERANDO")+('GRT Oriente'!K6:K400="INSTALADO - SIN SEÑAL")>0)) -> 0 | G29: =SUMPRODUCT(((ISNUMBER('GRT Valle de México'!L6:L740))*('GRT Valle de México'!L6:L740>=B29)*('GRT Valle de México'!L6:L740<=C29))*(('GRT Valle de México'!K6:K740="INSTALADO - OPERANDO")+('GRT Valle de México'!K6:K740="INSTALADO - SIN SEÑAL")>0)) -> 0 | H29: =SUMPRODUCT(((ISNUMBER('GRT Noroeste'!L6:L372))*('GRT Noroeste'!L6:L372>=B29)*('GRT Noroeste'!L6:L372<=C29))*(('GRT Noroeste'!K6:K372="INSTALADO - OPERANDO")+('GRT Noroeste'!K6:K372="INSTALADO - SIN SEÑAL")>0)) -> 0 | I29: =SUMPRODUCT(((ISNUMBER('GRT Norte'!L6:L296))*('GRT Norte'!L6:L296>=B29)*('GRT Norte'!L6:L296<=C29))*(('GRT Norte'!K6:K296="INSTALADO - OPERANDO")+('GRT Norte'!K6:K296="INSTALADO - SIN SEÑAL")>0)) -> 0 | J29: =SUMPRODUCT(((ISNUMBER('GRT Noreste'!L6:L262))*('GRT Noreste'!L6:L262>=B29)*('GRT Noreste'!L6:L262<=C29))*(('GRT Noreste'!K6:K262="INSTALADO - OPERANDO")+('GRT Noreste'!K6:K262="INSTALADO - SIN SEÑAL")>0)) -> 0 | K29: =SUMPRODUCT(((ISNUMBER('GRT Baja California'!L6:L281))*('GRT Baja California'!L6:L281>=B29)*('GRT Baja California'!L6:L281<=C29))*(('GRT Baja California'!K6:K281="INSTALADO - OPERANDO")+('GRT Baja California'!K6:K281="INSTALADO - SIN SEÑAL")>0)) -> 0 | L29: =SUM(D29:K29) -> 0 | M29: =M28+L29 -> 1289 | N29: =IF(M29=0,"",M29/4230) -> 0.30472813
A30: 25 | B30: 46264 | C30: 46270 | D30: =SUMPRODUCT(((ISNUMBER('GRT Central'!L6:L1135))*('GRT Central'!L6:L1135>=B30)*('GRT Central'!L6:L1135<=C30))*(('GRT Central'!K6:K1135="INSTALADO - OPERANDO")+('GRT Central'!K6:K1135="INSTALADO - SIN SEÑAL")>0)) -> 0 | E30: =SUMPRODUCT(((ISNUMBER('GRT Occidente'!L6:L784))*('GRT Occidente'!L6:L784>=B30)*('GRT Occidente'!L6:L784<=C30))*(('GRT Occidente'!K6:K784="INSTALADO - OPERANDO")+('GRT Occidente'!K6:K784="INSTALADO - SIN SEÑAL")>0)) -> 0 | F30: =SUMPRODUCT(((ISNUMBER('GRT Oriente'!L6:L400))*('GRT Oriente'!L6:L400>=B30)*('GRT Oriente'!L6:L400<=C30))*(('GRT Oriente'!K6:K400="INSTALADO - OPERANDO")+('GRT Oriente'!K6:K400="INSTALADO - SIN SEÑAL")>0)) -> 0 | G30: =SUMPRODUCT(((ISNUMBER('GRT Valle de México'!L6:L740))*('GRT Valle de México'!L6:L740>=B30)*('GRT Valle de México'!L6:L740<=C30))*(('GRT Valle de México'!K6:K740="INSTALADO - OPERANDO")+('GRT Valle de México'!K6:K740="INSTALADO - SIN SEÑAL")>0)) -> 0 | H30: =SUMPRODUCT(((ISNUMBER('GRT Noroeste'!L6:L372))*('GRT Noroeste'!L6:L372>=B30)*('GRT Noroeste'!L6:L372<=C30))*(('GRT Noroeste'!K6:K372="INSTALADO - OPERANDO")+('GRT Noroeste'!K6:K372="INSTALADO - SIN SEÑAL")>0)) -> 0 | I30: =SUMPRODUCT(((ISNUMBER('GRT Norte'!L6:L296))*('GRT Norte'!L6:L296>=B30)*('GRT Norte'!L6:L296<=C30))*(('GRT Norte'!K6:K296="INSTALADO - OPERANDO")+('GRT Norte'!K6:K296="INSTALADO - SIN SEÑAL")>0)) -> 0 | J30: =SUMPRODUCT(((ISNUMBER('GRT Noreste'!L6:L262))*('GRT Noreste'!L6:L262>=B30)*('GRT Noreste'!L6:L262<=C30))*(('GRT Noreste'!K6:K262="INSTALADO - OPERANDO")+('GRT Noreste'!K6:K262="INSTALADO - SIN SEÑAL")>0)) -> 0 | K30: =SUMPRODUCT(((ISNUMBER('GRT Baja California'!L6:L281))*('GRT Baja California'!L6:L281>=B30)*('GRT Baja California'!L6:L281<=C30))*(('GRT Baja California'!K6:K281="INSTALADO - OPERANDO")+('GRT Baja California'!K6:K281="INSTALADO - SIN SEÑAL")>0)) -> 0 | L30: =SUM(D30:K30) -> 0 | M30: =M29+L30 -> 1289 | N30: =IF(M30=0,"",M30/4230) -> 0.30472813
A31: 26 | B31: 46271 | C31: 46277 | D31: =SUMPRODUCT(((ISNUMBER('GRT Central'!L6:L1135))*('GRT Central'!L6:L1135>=B31)*('GRT Central'!L6:L1135<=C31))*(('GRT Central'!K6:K1135="INSTALADO - OPERANDO")+('GRT Central'!K6:K1135="INSTALADO - SIN SEÑAL")>0)) -> 0 | E31: =SUMPRODUCT(((ISNUMBER('GRT Occidente'!L6:L784))*('GRT Occidente'!L6:L784>=B31)*('GRT Occidente'!L6:L784<=C31))*(('GRT Occidente'!K6:K784="INSTALADO - OPERANDO")+('GRT Occidente'!K6:K784="INSTALADO - SIN SEÑAL")>0)) -> 0 | F31: =SUMPRODUCT(((ISNUMBER('GRT Oriente'!L6:L400))*('GRT Oriente'!L6:L400>=B31)*('GRT Oriente'!L6:L400<=C31))*(('GRT Oriente'!K6:K400="INSTALADO - OPERANDO")+('GRT Oriente'!K6:K400="INSTALADO - SIN SEÑAL")>0)) -> 0 | G31: =SUMPRODUCT(((ISNUMBER('GRT Valle de México'!L6:L740))*('GRT Valle de México'!L6:L740>=B31)*('GRT Valle de México'!L6:L740<=C31))*(('GRT Valle de México'!K6:K740="INSTALADO - OPERANDO")+('GRT Valle de México'!K6:K740="INSTALADO - SIN SEÑAL")>0)) -> 0 | H31: =SUMPRODUCT(((ISNUMBER('GRT Noroeste'!L6:L372))*('GRT Noroeste'!L6:L372>=B31)*('GRT Noroeste'!L6:L372<=C31))*(('GRT Noroeste'!K6:K372="INSTALADO - OPERANDO")+('GRT Noroeste'!K6:K372="INSTALADO - SIN SEÑAL")>0)) -> 0 | I31: =SUMPRODUCT(((ISNUMBER('GRT Norte'!L6:L296))*('GRT Norte'!L6:L296>=B31)*('GRT Norte'!L6:L296<=C31))*(('GRT Norte'!K6:K296="INSTALADO - OPERANDO")+('GRT Norte'!K6:K296="INSTALADO - SIN SEÑAL")>0)) -> 0 | J31: =SUMPRODUCT(((ISNUMBER('GRT Noreste'!L6:L262))*('GRT Noreste'!L6:L262>=B31)*('GRT Noreste'!L6:L262<=C31))*(('GRT Noreste'!K6:K262="INSTALADO - OPERANDO")+('GRT Noreste'!K6:K262="INSTALADO - SIN SEÑAL")>0)) -> 0 | K31: =SUMPRODUCT(((ISNUMBER('GRT Baja California'!L6:L281))*('GRT Baja California'!L6:L281>=B31)*('GRT Baja California'!L6:L281<=C31))*(('GRT Baja California'!K6:K281="INSTALADO - OPERANDO")+('GRT Baja California'!K6:K281="INSTALADO - SIN SEÑAL")>0)) -> 0 | L31: =SUM(D31:K31) -> 0 | M31: =M30+L31 -> 1289 | N31: =IF(M31=0,"",M31/4230) -> 0.30472813
A32: 27 | B32: 46278 | C32: 46284 | D32: =SUMPRODUCT(((ISNUMBER('GRT Central'!L6:L1135))*('GRT Central'!L6:L1135>=B32)*('GRT Central'!L6:L1135<=C32))*(('GRT Central'!K6:K1135="INSTALADO - OPERANDO")+('GRT Central'!K6:K1135="INSTALADO - SIN SEÑAL")>0)) -> 0 | E32: =SUMPRODUCT(((ISNUMBER('GRT Occidente'!L6:L784))*('GRT Occidente'!L6:L784>=B32)*('GRT Occidente'!L6:L784<=C32))*(('GRT Occidente'!K6:K784="INSTALADO - OPERANDO")+('GRT Occidente'!K6:K784="INSTALADO - SIN SEÑAL")>0)) -> 0 | F32: =SUMPRODUCT(((ISNUMBER('GRT Oriente'!L6:L400))*('GRT Oriente'!L6:L400>=B32)*('GRT Oriente'!L6:L400<=C32))*(('GRT Oriente'!K6:K400="INSTALADO - OPERANDO")+('GRT Oriente'!K6:K400="INSTALADO - SIN SEÑAL")>0)) -> 0 | G32: =SUMPRODUCT(((ISNUMBER('GRT Valle de México'!L6:L740))*('GRT Valle de México'!L6:L740>=B32)*('GRT Valle de México'!L6:L740<=C32))*(('GRT Valle de México'!K6:K740="INSTALADO - OPERANDO")+('GRT Valle de México'!K6:K740="INSTALADO - SIN SEÑAL")>0)) -> 0 | H32: =SUMPRODUCT(((ISNUMBER('GRT Noroeste'!L6:L372))*('GRT Noroeste'!L6:L372>=B32)*('GRT Noroeste'!L6:L372<=C32))*(('GRT Noroeste'!K6:K372="INSTALADO - OPERANDO")+('GRT Noroeste'!K6:K372="INSTALADO - SIN SEÑAL")>0)) -> 0 | I32: =SUMPRODUCT(((ISNUMBER('GRT Norte'!L6:L296))*('GRT Norte'!L6:L296>=B32)*('GRT Norte'!L6:L296<=C32))*(('GRT Norte'!K6:K296="INSTALADO - OPERANDO")+('GRT Norte'!K6:K296="INSTALADO - SIN SEÑAL")>0)) -> 0 | J32: =SUMPRODUCT(((ISNUMBER('GRT Noreste'!L6:L262))*('GRT Noreste'!L6:L262>=B32)*('GRT Noreste'!L6:L262<=C32))*(('GRT Noreste'!K6:K262="INSTALADO - OPERANDO")+('GRT Noreste'!K6:K262="INSTALADO - SIN SEÑAL")>0)) -> 0 | K32: =SUMPRODUCT(((ISNUMBER('GRT Baja California'!L6:L281))*('GRT Baja California'!L6:L281>=B32)*('GRT Baja California'!L6:L281<=C32))*(('GRT Baja California'!K6:K281="INSTALADO - OPERANDO")+('GRT Baja California'!K6:K281="INSTALADO - SIN SEÑAL")>0)) -> 0 | L32: =SUM(D32:K32) -> 0 | M32: =M31+L32 -> 1289 | N32: =IF(M32=0,"",M32/4230) -> 0.30472813
A33: 28 | B33: 46285 | C33: 46291 | D33: =SUMPRODUCT(((ISNUMBER('GRT Central'!L6:L1135))*('GRT Central'!L6:L1135>=B33)*('GRT Central'!L6:L1135<=C33))*(('GRT Central'!K6:K1135="INSTALADO - OPERANDO")+('GRT Central'!K6:K1135="INSTALADO - SIN SEÑAL")>0)) -> 0 | E33: =SUMPRODUCT(((ISNUMBER('GRT Occidente'!L6:L784))*('GRT Occidente'!L6:L784>=B33)*('GRT Occidente'!L6:L784<=C33))*(('GRT Occidente'!K6:K784="INSTALADO - OPERANDO")+('GRT Occidente'!K6:K784="INSTALADO - SIN SEÑAL")>0)) -> 0 | F33: =SUMPRODUCT(((ISNUMBER('GRT Oriente'!L6:L400))*('GRT Oriente'!L6:L400>=B33)*('GRT Oriente'!L6:L400<=C33))*(('GRT Oriente'!K6:K400="INSTALADO - OPERANDO")+('GRT Oriente'!K6:K400="INSTALADO - SIN SEÑAL")>0)) -> 0 | G33: =SUMPRODUCT(((ISNUMBER('GRT Valle de México'!L6:L740))*('GRT Valle de México'!L6:L740>=B33)*('GRT Valle de México'!L6:L740<=C33))*(('GRT Valle de México'!K6:K740="INSTALADO - OPERANDO")+('GRT Valle de México'!K6:K740="INSTALADO - SIN SEÑAL")>0)) -> 0 | H33: =SUMPRODUCT(((ISNUMBER('GRT Noroeste'!L6:L372))*('GRT Noroeste'!L6:L372>=B33)*('GRT Noroeste'!L6:L372<=C33))*(('GRT Noroeste'!K6:K372="INSTALADO - OPERANDO")+('GRT Noroeste'!K6:K372="INSTALADO - SIN SEÑAL")>0)) -> 0 | I33: =SUMPRODUCT(((ISNUMBER('GRT Norte'!L6:L296))*('GRT Norte'!L6:L296>=B33)*('GRT Norte'!L6:L296<=C33))*(('GRT Norte'!K6:K296="INSTALADO - OPERANDO")+('GRT Norte'!K6:K296="INSTALADO - SIN SEÑAL")>0)) -> 0 | J33: =SUMPRODUCT(((ISNUMBER('GRT Noreste'!L6:L262))*('GRT Noreste'!L6:L262>=B33)*('GRT Noreste'!L6:L262<=C33))*(('GRT Noreste'!K6:K262="INSTALADO - OPERANDO")+('GRT Noreste'!K6:K262="INSTALADO - SIN SEÑAL")>0)) -> 0 | K33: =SUMPRODUCT(((ISNUMBER('GRT Baja California'!L6:L281))*('GRT Baja California'!L6:L281>=B33)*('GRT Baja California'!L6:L281<=C33))*(('GRT Baja California'!K6:K281="INSTALADO - OPERANDO")+('GRT Baja California'!K6:K281="INSTALADO - SIN SEÑAL")>0)) -> 0 | L33: =SUM(D33:K33) -> 0 | M33: =M32+L33 -> 1289 | N33: =IF(M33=0,"",M33/4230) -> 0.30472813
A34: 29 | B34: 46292 | C34: 46298 | D34: =SUMPRODUCT(((ISNUMBER('GRT Central'!L6:L1135))*('GRT Central'!L6:L1135>=B34)*('GRT Central'!L6:L1135<=C34))*(('GRT Central'!K6:K1135="INSTALADO - OPERANDO")+('GRT Central'!K6:K1135="INSTALADO - SIN SEÑAL")>0)) -> 0 | E34: =SUMPRODUCT(((ISNUMBER('GRT Occidente'!L6:L784))*('GRT Occidente'!L6:L784>=B34)*('GRT Occidente'!L6:L784<=C34))*(('GRT Occidente'!K6:K784="INSTALADO - OPERANDO")+('GRT Occidente'!K6:K784="INSTALADO - SIN SEÑAL")>0)) -> 0 | F34: =SUMPRODUCT(((ISNUMBER('GRT Oriente'!L6:L400))*('GRT Oriente'!L6:L400>=B34)*('GRT Oriente'!L6:L400<=C34))*(('GRT Oriente'!K6:K400="INSTALADO - OPERANDO")+('GRT Oriente'!K6:K400="INSTALADO - SIN SEÑAL")>0)) -> 0 | G34: =SUMPRODUCT(((ISNUMBER('GRT Valle de México'!L6:L740))*('GRT Valle de México'!L6:L740>=B34)*('GRT Valle de México'!L6:L740<=C34))*(('GRT Valle de México'!K6:K740="INSTALADO - OPERANDO")+('GRT Valle de México'!K6:K740="INSTALADO - SIN SEÑAL")>0)) -> 0 | H34: =SUMPRODUCT(((ISNUMBER('GRT Noroeste'!L6:L372))*('GRT Noroeste'!L6:L372>=B34)*('GRT Noroeste'!L6:L372<=C34))*(('GRT Noroeste'!K6:K372="INSTALADO - OPERANDO")+('GRT Noroeste'!K6:K372="INSTALADO - SIN SEÑAL")>0)) -> 0 | I34: =SUMPRODUCT(((ISNUMBER('GRT Norte'!L6:L296))*('GRT Norte'!L6:L296>=B34)*('GRT Norte'!L6:L296<=C34))*(('GRT Norte'!K6:K296="INSTALADO - OPERANDO")+('GRT Norte'!K6:K296="INSTALADO - SIN SEÑAL")>0)) -> 0 | J34: =SUMPRODUCT(((ISNUMBER('GRT Noreste'!L6:L262))*('GRT Noreste'!L6:L262>=B34)*('GRT Noreste'!L6:L262<=C34))*(('GRT Noreste'!K6:K262="INSTALADO - OPERANDO")+('GRT Noreste'!K6:K262="INSTALADO - SIN SEÑAL")>0)) -> 0 | K34: =SUMPRODUCT(((ISNUMBER('GRT Baja California'!L6:L281))*('GRT Baja California'!L6:L281>=B34)*('GRT Baja California'!L6:L281<=C34))*(('GRT Baja California'!K6:K281="INSTALADO - OPERANDO")+('GRT Baja California'!K6:K281="INSTALADO - SIN SEÑAL")>0)) -> 0 | L34: =SUM(D34:K34) -> 0 | M34: =M33+L34 -> 1289 | N34: =IF(M34=0,"",M34/4230) -> 0.30472813
A35: 30 | B35: 46299 | C35: 46305 | D35: =SUMPRODUCT(((ISNUMBER('GRT Central'!L6:L1135))*('GRT Central'!L6:L1135>=B35)*('GRT Central'!L6:L1135<=C35))*(('GRT Central'!K6:K1135="INSTALADO - OPERANDO")+('GRT Central'!K6:K1135="INSTALADO - SIN SEÑAL")>0)) -> 0 | E35: =SUMPRODUCT(((ISNUMBER('GRT Occidente'!L6:L784))*('GRT Occidente'!L6:L784>=B35)*('GRT Occidente'!L6:L784<=C35))*(('GRT Occidente'!K6:K784="INSTALADO - OPERANDO")+('GRT Occidente'!K6:K784="INSTALADO - SIN SEÑAL")>0)) -> 0 | F35: =SUMPRODUCT(((ISNUMBER('GRT Oriente'!L6:L400))*('GRT Oriente'!L6:L400>=B35)*('GRT Oriente'!L6:L400<=C35))*(('GRT Oriente'!K6:K400="INSTALADO - OPERANDO")+('GRT Oriente'!K6:K400="INSTALADO - SIN SEÑAL")>0)) -> 0 | G35: =SUMPRODUCT(((ISNUMBER('GRT Valle de México'!L6:L740))*('GRT Valle de México'!L6:L740>=B35)*('GRT Valle de México'!L6:L740<=C35))*(('GRT Valle de México'!K6:K740="INSTALADO - OPERANDO")+('GRT Valle de México'!K6:K740="INSTALADO - SIN SEÑAL")>0)) -> 0 | H35: =SUMPRODUCT(((ISNUMBER('GRT Noroeste'!L6:L372))*('GRT Noroeste'!L6:L372>=B35)*('GRT Noroeste'!L6:L372<=C35))*(('GRT Noroeste'!K6:K372="INSTALADO - OPERANDO")+('GRT Noroeste'!K6:K372="INSTALADO - SIN SEÑAL")>0)) -> 0 | I35: =SUMPRODUCT(((ISNUMBER('GRT Norte'!L6:L296))*('GRT Norte'!L6:L296>=B35)*('GRT Norte'!L6:L296<=C35))*(('GRT Norte'!K6:K296="INSTALADO - OPERANDO")+('GRT Norte'!K6:K296="INSTALADO - SIN SEÑAL")>0)) -> 0 | J35: =SUMPRODUCT(((ISNUMBER('GRT Noreste'!L6:L262))*('GRT Noreste'!L6:L262>=B35)*('GRT Noreste'!L6:L262<=C35))*(('GRT Noreste'!K6:K262="INSTALADO - OPERANDO")+('GRT Noreste'!K6:K262="INSTALADO - SIN SEÑAL")>0)) -> 0 | K35: =SUMPRODUCT(((ISNUMBER('GRT Baja California'!L6:L281))*('GRT Baja California'!L6:L281>=B35)*('GRT Baja California'!L6:L281<=C35))*(('GRT Baja California'!K6:K281="INSTALADO - OPERANDO")+('GRT Baja California'!K6:K281="INSTALADO - SIN SEÑAL")>0)) -> 0 | L35: =SUM(D35:K35) -> 0 | M35: =M34+L35 -> 1289 | N35: =IF(M35=0,"",M35/4230) -> 0.30472813
A36: TOTAL | D36: =SUMPRODUCT(((ISNUMBER('GRT Central'!L6:L1135))*('GRT Central'!L6:L1135>=B36)*('GRT Central'!L6:L1135<=C36))*(('GRT Central'!K6:K1135="INSTALADO - OPERANDO")+('GRT Central'!K6:K1135="INSTALADO - SIN SEÑAL")>0)) -> 0 | E36: =SUMPRODUCT(((ISNUMBER('GRT Occidente'!L6:L784))*('GRT Occidente'!L6:L784>=B36)*('GRT Occidente'!L6:L784<=C36))*(('GRT Occidente'!K6:K784="INSTALADO - OPERANDO")+('GRT Occidente'!K6:K784="INSTALADO - SIN SEÑAL")>0)) -> 0 | F36: =SUMPRODUCT(((ISNUMBER('GRT Oriente'!L6:L400))*('GRT Oriente'!L6:L400>=B36)*('GRT Oriente'!L6:L400<=C36))*(('GRT Oriente'!K6:K400="INSTALADO - OPERANDO")+('GRT Oriente'!K6:K400="INSTALADO - SIN SEÑAL")>0)) -> 0 | G36: =SUMPRODUCT(((ISNUMBER('GRT Valle de México'!L6:L740))*('GRT Valle de México'!L6:L740>=B36)*('GRT Valle de México'!L6:L740<=C36))*(('GRT Valle de México'!K6:K740="INSTALADO - OPERANDO")+('GRT Valle de México'!K6:K740="INSTALADO - SIN SEÑAL")>0)) -> 0 | H36: =SUMPRODUCT(((ISNUMBER('GRT Noroeste'!L6:L372))*('GRT Noroeste'!L6:L372>=B36)*('GRT Noroeste'!L6:L372<=C36))*(('GRT Noroeste'!K6:K372="INSTALADO - OPERANDO")+('GRT Noroeste'!K6:K372="INSTALADO - SIN SEÑAL")>0)) -> 0 | I36: =SUMPRODUCT(((ISNUMBER('GRT Norte'!L6:L296))*('GRT Norte'!L6:L296>=B36)*('GRT Norte'!L6:L296<=C36))*(('GRT Norte'!K6:K296="INSTALADO - OPERANDO")+('GRT Norte'!K6:K296="INSTALADO - SIN SEÑAL")>0)) -> 0 | J36: =SUMPRODUCT(((ISNUMBER('GRT Noreste'!L6:L262))*('GRT Noreste'!L6:L262>=B36)*('GRT Noreste'!L6:L262<=C36))*(('GRT Noreste'!K6:K262="INSTALADO - OPERANDO")+('GRT Noreste'!K6:K262="INSTALADO - SIN SEÑAL")>0)) -> 0 | K36: =SUMPRODUCT(((ISNUMBER('GRT Baja California'!L6:L281))*('GRT Baja California'!L6:L281>=B36)*('GRT Baja California'!L6:L281<=C36))*(('GRT Baja California'!K6:K281="INSTALADO - OPERANDO")+('GRT Baja California'!K6:K281="INSTALADO - SIN SEÑAL")>0)) -> 0 | L36: =SUM(D36:K36) -> 0 | M36: =M35+L36 -> 1289 | N36: =IF(M36=0,"",M36/4230) -> 0.30472813

Sheet AVANCE_DIARIO
A1: 📆 AVANCE DIARIO AUTOMÁTICO — PROYECTO PAIG FASE II
A3: ✅ Los instalados por día se obtienen automáticamente de la FECHA ACTUALIZACIÓN en cada pestaña GRT. Solo ingresa la fecha en col A para agregar un nuevo día.
A5: FECHA | B5: GRT Central | C5: GRT Occidente | D5: GRT Oriente | E5: GRT V. México | F5: GRT Noroeste | G5: GRT Norte | H5: GRT Noreste | I5: GRT Baja Cal. | J5: TOTAL DÍA | K5: ACUMULADO | L5: % AVANCE | M5: NOTAS
A6: 46098 | B6: =SUMPRODUCT(((ISNUMBER('GRT Central'!L6:L1135))*('GRT Central'!L6:L1135=A6))*(('GRT Central'!K6:K1135="INSTALADO - OPERANDO")+('GRT Central'!K6:K1135="INSTALADO - SIN SEÑAL")>0)) -> 2 | C6: =SUMPRODUCT(((ISNUMBER('GRT Occidente'!L6:L784))*('GRT Occidente'!L6:L784=A6))*(('GRT Occidente'!K6:K784="INSTALADO - OPERANDO")+('GRT Occidente'!K6:K784="INSTALADO - SIN SEÑAL")>0)) -> 0 | D6: =SUMPRODUCT(((ISNUMBER('GRT Oriente'!L6:L400))*('GRT Oriente'!L6:L400=A6))*(('GRT Oriente'!K6:K400="INSTALADO - OPERANDO")+('GRT Oriente'!K6:K400="INSTALADO - SIN SEÑAL")>0)) -> 0 | E6: =SUMPRODUCT(((ISNUMBER('GRT Valle de México'!L6:L740))*('GRT Valle de México'!L6:L740=A6))*(('GRT Valle de México'!K6:K740="INSTALADO - OPERANDO")+('GRT Valle de México'!K6:K740="INSTALADO - SIN SEÑAL")>0)) -> 0 | F6: =SUMPRODUCT(((ISNUMBER('GRT Noroeste'!L6:L372))*('GRT Noroeste'!L6:L372=A6))*(('GRT Noroeste'!K6:K372="INSTALADO - OPERANDO")+('GRT Noroeste'!K6:K372="INSTALADO - SIN SEÑAL")>0)) -> 0 | G6: =SUMPRODUCT(((ISNUMBER('GRT Norte'!L6:L296))*('GRT Norte'!L6:L296=A6))*(('GRT Norte'!K6:K296="INSTALADO - OPERANDO")+('GRT Norte'!K6:K296="INSTALADO - SIN SEÑAL")>0)) -> 0 | H6: =SUMPRODUCT(((ISNUMBER('GRT Noreste'!L6:L262))*('GRT Noreste'!L6:L262=A6))*(('GRT Noreste'!K6:K262="INSTALADO - OPERANDO")+('GRT Noreste'!K6:K262="INSTALADO - SIN SEÑAL")>0)) -> 0 | I6: =SUMPRODUCT(((ISNUMBER('GRT Baja California'!L6:L281))*('GRT Baja California'!L6:L281=A6))*(('GRT Baja California'!K6:K281="INSTALADO - OPERANDO")+('GRT Baja California'!K6:K281="INSTALADO - SIN SEÑAL")>0)) -> 0 | J6: =SUM(B6:I6) -> 2 | K6: =J6 -> 2 | L6: =IF(K6=0,"",K6/4230) -> 0.00047281324
A7: 46099 | B7: =SUMPRODUCT(((ISNUMBER('GRT Central'!L6:L1135))*('GRT Central'!L6:L1135=A7))*(('GRT Central'!K6:K1135="INSTALADO - OPERANDO")+('GRT Central'!K6:K1135="INSTALADO - SIN SEÑAL")>0)) -> 4 | C7: =SUMPRODUCT(((ISNUMBER('GRT Occidente'!L6:L784))*('GRT Occidente'!L6:L784=A7))*(('GRT Occidente'!K6:K784="INSTALADO - OPERANDO")+('GRT Occidente'!K6:K784="INSTALADO - SIN SEÑAL")>0)) -> 0 | D7: =SUMPRODUCT(((ISNUMBER('GRT Oriente'!L6:L400))*('GRT Oriente'!L6:L400=A7))*(('GRT Oriente'!K6:K400="INSTALADO - OPERANDO")+('GRT Oriente'!K6:K400="INSTALADO - SIN SEÑAL")>0)) -> 0 | E7: =SUMPRODUCT(((ISNUMBER('GRT Valle de México'!L6:L740))*('GRT Valle de México'!L6:L740=A7))*(('GRT Valle de México'!K6:K740="INSTALADO - OPERANDO")+('GRT Valle de México'!K6:K740="INSTALADO - SIN SEÑAL")>0)) -> 0 | F7: =SUMPRODUCT(((ISNUMBER('GRT Noroeste'!L6:L372))*('GRT Noroeste'!L6:L372=A7))*(('GRT Noroeste'!K6:K372="INSTALADO - OPERANDO")+('GRT Noroeste'!K6:K372="INSTALADO - SIN SEÑAL")>0)) -> 0 | G7: =SUMPRODUCT(((ISNUMBER('GRT Norte'!L6:L296))*('GRT Norte'!L6:L296=A7))*(('GRT Norte'!K6:K296="INSTALADO - OPERANDO")+('GRT Norte'!K6:K296="INSTALADO - SIN SEÑAL")>0)) -> 0 | H7: =SUMPRODUCT(((ISNUMBER('GRT Noreste'!L6:L262))*('GRT Noreste'!L6:L262=A7))*(('GRT Noreste'!K6:K262="INSTALADO - OPERANDO")+('GRT Noreste'!K6:K262="INSTALADO - SIN SEÑAL")>0)) -> 0 | I7: =SUMPRODUCT(((ISNUMBER('GRT Baja California'!L6:L281))*('GRT Baja California'!L6:L281=A7))*(('GRT Baja California'!K6:K281="INSTALADO - OPERANDO")+('GRT Baja California'!K6:K281="INSTALADO - SIN SEÑAL")>0)) -> 0 | J7: =SUM(B7:I7) -> 4 | K7: =K6+J7 -> 6 | L7: =IF(K7=0,"",K7/4230) -> 0.0014184397
A8: 46100 | B8: =SUMPRODUCT(((ISNUMBER('GRT Central'!L6:L1135))*('GRT Central'!L6:L1135=A8))*(('GRT Central'!K6:K1135="INSTALADO - OPERANDO")+('GRT Central'!K6:K1135="INSTALADO - SIN SEÑAL")>0)) -> 7 | C8: =SUMPRODUCT(((ISNUMBER('GRT Occidente'!L6:L784))*('GRT Occidente'!L6:L784=A8))*(('GRT Occidente'!K6:K784="INSTALADO - OPERANDO")+('GRT Occidente'!K6:K784="INSTALADO - SIN SEÑAL")>0)) -> 0 | D8: =SUMPRODUCT(((ISNUMBER('GRT Oriente'!L6:L400))*('GRT Oriente'!L6:L400=A8))*(('GRT Oriente'!K6:K400="INSTALADO - OPERANDO")+('GRT Oriente'!K6:K400="INSTALADO - SIN SEÑAL")>0)) -> 0 | E8: =SUMPRODUCT(((ISNUMBER('GRT Valle de México'!L6:L740))*('GRT Valle de México'!L6:L740=A8))*(('GRT Valle de México'!K6:K740="INSTALADO - OPERANDO")+('GRT Valle de México'!K6:K740="INSTALADO - SIN SEÑAL")>0)) -> 0 | F8: =SUMPRODUCT(((ISNUMBER('GRT Noroeste'!L6:L372))*('GRT Noroeste'!L6:L372=A8))*(('GRT Noroeste'!K6:K372="INSTALADO - OPERANDO")+('GRT Noroeste'!K6:K372="INSTALADO - SIN SEÑAL")>0)) -> 0 | G8: =SUMPRODUCT(((ISNUMBER('GRT Norte'!L6:L296))*('GRT Norte'!L6:L296=A8))*(('GRT Norte'!K6:K296="INSTALADO - OPERANDO")+('GRT Norte'!K6:K296="INSTALADO - SIN SEÑAL")>0)) -> 0 | H8: =SUMPRODUCT(((ISNUMBER('GRT Noreste'!L6:L262))*('GRT Noreste'!L6:L262=A8))*(('GRT Noreste'!K6:K262="INSTALADO - OPERANDO")+('GRT Noreste'!K6:K262="INSTALADO - SIN SEÑAL")>0)) -> 0 | I8: =SUMPRODUCT(((ISNUMBER('GRT Baja California'!L6:L281))*('GRT Baja California'!L6:L281=A8))*(('GRT Baja California'!K6:K281="INSTALADO - OPERANDO")+('GRT Baja California'!K6:K281="INSTALADO - SIN SEÑAL")>0)) -> 0 | J8: =SUM(B8:I8) -> 7 | K8: =K7+J8 -> 13 | L8: =IF(K8=0,"",K8/4230) -> 0.0030732861
A9: 46101 | B9: =SUMPRODUCT(((ISNUMBER('GRT Central'!L6:L1135))*('GRT Central'!L6:L1135=A9))*(('GRT Central'!K6:K1135="INSTALADO - OPERANDO")+('GRT Central'!K6:K1135="INSTALADO - SIN SEÑAL")>0)) -> 3 | C9: =SUMPRODUCT(((ISNUMBER('GRT Occidente'!L6:L784))*('GRT Occidente'!L6:L784=A9))*(('GRT Occidente'!K6:K784="INSTALADO - OPERANDO")+('GRT Occidente'!K6:K784="INSTALADO - SIN SEÑAL")>0)) -> 0 | D9: =SUMPRODUCT(((ISNUMBER('GRT Oriente'!L6:L400))*('GRT Oriente'!L6:L400=A9))*(('GRT Oriente'!K6:K400="INSTALADO - OPERANDO")+('GRT Oriente'!K6:K400="INSTALADO - SIN SEÑAL")>0)) -> 0 | E9: =SUMPRODUCT(((ISNUMBER('GRT Valle de México'!L6:L740))*('GRT Valle de México'!L6:L740=A9))*(('GRT Valle de México'!K6:K740="INSTALADO - OPERANDO")+('GRT Valle de México'!K6:K740="INSTALADO - SIN SEÑAL")>0)) -> 0 | F9: =SUMPRODUCT(((ISNUMBER('GRT Noroeste'!L6:L372))*('GRT Noroeste'!L6:L372=A9))*(('GRT Noroeste'!K6:K372="INSTALADO - OPERANDO")+('GRT Noroeste'!K6:K372="INSTALADO - SIN SEÑAL")>0)) -> 0 | G9: =SUMPRODUCT(((ISNUMBER('GRT Norte'!L6:L296))*('GRT Norte'!L6:L296=A9))*(('GRT Norte'!K6:K296="INSTALADO - OPERANDO")+('GRT Norte'!K6:K296="INSTALADO - SIN SEÑAL")>0)) -> 0 | H9: =SUMPRODUCT(((ISNUMBER('GRT Noreste'!L6:L262))*('GRT Noreste'!L6:L262=A9))*(('GRT Noreste'!K6:K262="INSTALADO - OPERANDO")+('GRT Noreste'!K6:K262="INSTALADO - SIN SEÑAL")>0)) -> 0 | I9: =SUMPRODUCT(((ISNUMBER('GRT Baja California'!L6:L281))*('GRT Baja California'!L6:L281=A9))*(('GRT Baja California'!K6:K281="INSTALADO - OPERANDO")+('GRT Baja California'!K6:K281="INSTALADO - SIN SEÑAL")>0)) -> 0 | J9: =SUM(B9:I9) -> 3 | K9: =K8+J9 -> 16 | L9: =IF(K9=0,"",K9/4230) -> 0.0037825059
A10: 46102 | B10: =SUMPRODUCT(((ISNUMBER('GRT Central'!L6:L1135))*('GRT Central'!L6:L1135=A10))*(('GRT Central'!K6:K1135="INSTALADO - OPERANDO")+('GRT Central'!K6:K1135="INSTALADO - SIN SEÑAL")>0)) -> 0 | C10: =SUMPRODUCT(((ISNUMBER('GRT Occidente'!L6:L784))*('GRT Occidente'!L6:L784=A10))*(('GRT Occidente'!K6:K784="INSTALADO - OPERANDO")+('GRT Occidente'!K6:K784="INSTALADO - SIN SEÑAL")>0)) -> 0 | D10: =SUMPRODUCT(((ISNUMBER('GRT Oriente'!L6:L400))*('GRT Oriente'!L6:L400=A10))*(('GRT Oriente'!K6:K400="INSTALADO - OPERANDO")+('GRT Oriente'!K6:K400="INSTALADO - SIN SEÑAL")>0)) -> 0 | E10: =SUMPRODUCT(((ISNUMBER('GRT Valle de México'!L6:L740))*('GRT Valle de México'!L6:L740=A10))*(('GRT Valle de México'!K6:K740="INSTALADO - OPERANDO")+('GRT Valle de México'!K6:K740="INSTALADO - SIN SEÑAL")>0)) -> 0 | F10: =SUMPRODUCT(((ISNUMBER('GRT Noroeste'!L6:L372))*('GRT Noroeste'!L6:L372=A10))*(('GRT Noroeste'!K6:K372="INSTALADO - OPERANDO")+('GRT Noroeste'!K6:K372="INSTALADO - SIN SEÑAL")>0)) -> 0 | G10: =SUMPRODUCT(((ISNUMBER('GRT Norte'!L6:L296))*('GRT Norte'!L6:L296=A10))*(('GRT Norte'!K6:K296="INSTALADO - OPERANDO")+('GRT Norte'!K6:K296="INSTALADO - SIN SEÑAL")>0)) -> 0 | H10: =SUMPRODUCT(((ISNUMBER('GRT Noreste'!L6:L262))*('GRT Noreste'!L6:L262=A10))*(('GRT Noreste'!K6:K262="INSTALADO - OPERANDO")+('GRT Noreste'!K6:K262="INSTALADO - SIN SEÑAL")>0)) -> 0 | I10: =SUMPRODUCT(((ISNUMBER('GRT Baja California'!L6:L281))*('GRT Baja California'!L6:L281=A10))*(('GRT Baja California'!K6:K281="INSTALADO - OPERANDO")+('GRT Baja California'!K6:K281="INSTALADO - SIN SEÑAL")>0)) -> 0 | J10: =SUM(B10:I10) -> 0 | K10: =K9+J10 -> 16 | L10: =IF(K10=0,"",K10/4230) -> 0.0037825059
A11: 46103 | B11: =SUMPRODUCT(((ISNUMBER('GRT Central'!L6:L1135))*('GRT Central'!L6:L1135=A11))*(('GRT Central'!K6:K1135="INSTALADO - OPERANDO")+('GRT Central'!K6:K1135="INSTALADO - SIN SEÑAL")>0)) -> 0 | C11: =SUMPRODUCT(((ISNUMBER('GRT Occidente'!L6:L784))*('GRT Occidente'!L6:L784=A11))*(('GRT Occidente'!K6:K784="INSTALADO - OPERANDO")+('GRT Occidente'!K6:K784="INSTALADO - SIN SEÑAL")>0)) -> 0 | D11: =SUMPRODUCT(((ISNUMBER('GRT Oriente'!L6:L400))*('GRT Oriente'!L6:L400=A11))*(('GRT Oriente'!K6:K400="INSTALADO - OPERANDO")+('GRT Oriente'!K6:K400="INSTALADO - SIN SEÑAL")>0)) -> 0 | E11: =SUMPRODUCT(((ISNUMBER('GRT Valle de México'!L6:L740))*('GRT Valle de México'!L6:L740=A11))*(('GRT Valle de México'!K6:K740="INSTALADO - OPERANDO")+('GRT Valle de México'!K6:K740="INSTALADO - SIN SEÑAL")>0)) -> 0 | F11: =SUMPRODUCT(((ISNUMBER('GRT Noroeste'!L6:L372))*('GRT Noroeste'!L6:L372=A11))*(('GRT Noroeste'!K6:K372="INSTALADO - OPERANDO")+('GRT Noroeste'!K6:K372="INSTALADO - SIN SEÑAL")>0)) -> 0 | G11: =SUMPRODUCT(((ISNUMBER('GRT Norte'!L6:L296))*('GRT Norte'!L6:L296=A11))*(('GRT Norte'!K6:K296="INSTALADO - OPERANDO")+('GRT Norte'!K6:K296="INSTALADO - SIN SEÑAL")>0)) -> 0 | H11: =SUMPRODUCT(((ISNUMBER('GRT Noreste'!L6:L262))*('GRT Noreste'!L6:L262=A11))*(('GRT Noreste'!K6:K262="INSTALADO - OPERANDO")+('GRT Noreste'!K6:K262="INSTALADO - SIN SEÑAL")>0)) -> 0 | I11: =SUMPRODUCT(((ISNUMBER('GRT Baja California'!L6:L281))*('GRT Baja California'!L6:L281=A11))*(('GRT Baja California'!K6:K281="INSTALADO - OPERANDO")+('GRT Baja California'!K6:K281="INSTALADO - SIN SEÑAL")>0)) -> 0 | J11: =SUM(B11:I11) -> 0 | K11: =K10+J11 -> 16 | L11: =IF(K11=0,"",K11/4230) -> 0.0037825059
A12: 46104 | B12: =SUMPRODUCT(((ISNUMBER('GRT Central'!L6:L1135))*('GRT Central'!L6:L1135=A12))*(('GRT Central'!K6:K1135="INSTALADO - OPERANDO")+('GRT Central'!K6:K1135="INSTALADO - SIN SEÑAL")>0)) -> 7 | C12: =SUMPRODUCT(((ISNUMBER('GRT Occidente'!L6:L784))*('GRT Occidente'!L6:L784=A12))*(('GRT Occidente'!K6:K784="INSTALADO - OPERANDO")+('GRT Occidente'!K6:K784="INSTALADO - SIN SEÑAL")>0)) -> 0 | D12: =SUMPRODUCT(((ISNUMBER('GRT Oriente'!L6:L400))*('GRT Oriente'!L6:L400=A12))*(('GRT Oriente'!K6:K400="INSTALADO - OPERANDO")+('GRT Oriente'!K6:K400="INSTALADO - SIN SEÑAL")>0)) -> 0 | E12: =SUMPRODUCT(((ISNUMBER('GRT Valle de México'!L6:L740))*('GRT Valle de México'!L6:L740=A12))*(('GRT Valle de México'!K6:K740="INSTALADO - OPERANDO")+('GRT Valle de México'!K6:K740="INSTALADO - SIN SEÑAL")>0)) -> 0 | F12: =SUMPRODUCT(((ISNUMBER('GRT Noroeste'!L6:L372))*('GRT Noroeste'!L6:L372=A12))*(('GRT Noroeste'!K6:K372="INSTALADO - OPERANDO")+('GRT Noroeste'!K6:K372="INSTALADO - SIN SEÑAL")>0)) -> 0 | G12: =SUMPRODUCT(((ISNUMBER('GRT Norte'!L6:L296))*('GRT Norte'!L6:L296=A12))*(('GRT Norte'!K6:K296="INSTALADO - OPERANDO")+('GRT Norte'!K6:K296="INSTALADO - SIN SEÑAL")>0)) -> 0 | H12: =SUMPRODUCT(((ISNUMBER('GRT Noreste'!L6:L262))*('GRT Noreste'!L6:L262=A12))*(('GRT Noreste'!K6:K262="INSTALADO - OPERANDO")+('GRT Noreste'!K6:K262="INSTALADO - SIN SEÑAL")>0)) -> 0 | I12: =SUMPRODUCT(((ISNUMBER('GRT Baja California'!L6:L281))*('GRT Baja California'!L6:L281=A12))*(('GRT Baja California'!K6:K281="INSTALADO - OPERANDO")+('GRT Baja California'!K6:K281="INSTALADO - SIN SEÑAL")>0)) -> 0 | J12: =SUM(B12:I12) -> 7 | K12: =K11+J12 -> 23 | L12: =IF(K12=0,"",K12/4230) -> 0.0054373522
A13: 46105 | B13: =SUMPRODUCT(((ISNUMBER('GRT Central'!L6:L1135))*('GRT Central'!L6:L1135=A13))*(('GRT Central'!K6:K1135="INSTALADO - OPERANDO")+('GRT Central'!K6:K1135="INSTALADO - SIN SEÑAL")>0)) -> 8 | C13: =SUMPRODUCT(((ISNUMBER('GRT Occidente'!L6:L784))*('GRT Occidente'!L6:L784=A13))*(('GRT Occidente'!K6:K784="INSTALADO - OPERANDO")+('GRT Occidente'!K6:K784="INSTALADO - SIN SEÑAL")>0)) -> 0 | D13: =SUMPRODUCT(((ISNUMBER('GRT Oriente'!L6:L400))*('GRT Oriente'!L6:L400=A13))*(('GRT Oriente'!K6:K400="INSTALADO - OPERANDO")+('GRT Oriente'!K6:K400="INSTALADO - SIN SEÑAL")>0)) -> 0 | E13: =SUMPRODUCT(((ISNUMBER('GRT Valle de México'!L6:L740))*('GRT Valle de México'!L6:L740=A13))*(('GRT Valle de México'!K6:K740="INSTALADO - OPERANDO")+('GRT Valle de México'!K6:K740="INSTALADO - SIN SEÑAL")>0)) -> 0 | F13: =SUMPRODUCT(((ISNUMBER('GRT Noroeste'!L6:L372))*('GRT Noroeste'!L6:L372=A13))*(('GRT Noroeste'!K6:K372="INSTALADO - OPERANDO")+('GRT Noroeste'!K6:K372="INSTALADO - SIN SEÑAL")>0)) -> 0 | G13: =SUMPRODUCT(((ISNUMBER('GRT Norte'!L6:L296))*('GRT Norte'!L6:L296=A13))*(('GRT Norte'!K6:K296="INSTALADO - OPERANDO")+('GRT Norte'!K6:K296="INSTALADO - SIN SEÑAL")>0)) -> 0 | H13: =SUMPRODUCT(((ISNUMBER('GRT Noreste'!L6:L262))*('GRT Noreste'!L6:L262=A13))*(('GRT Noreste'!K6:K262="INSTALADO - OPERANDO")+('GRT Noreste'!K6:K262="INSTALADO - SIN SEÑAL")>0)) -> 0 | I13: =SUMPRODUCT(((ISNUMBER('GRT Baja California'!L6:L281))*('GRT Baja California'!L6:L281=A13))*(('GRT Baja California'!K6:K281="INSTALADO - OPERANDO")+('GRT Baja California'!K6:K281="INSTALADO - SIN SEÑAL")>0)) -> 0 | J13: =SUM(B13:I13) -> 8 | K13: =K12+J13 -> 31 | L13: =IF(K13=0,"",K13/4230) -> 0.0073286052
A14: 46106 | B14: =SUMPRODUCT(((ISNUMBER('GRT Central'!L6:L1135))*('GRT Central'!L6:L1135=A14))*(('GRT Central'!K6:K1135="INSTALADO - OPERANDO")+('GRT Central'!K6:K1135="INSTALADO - SIN SEÑAL")>0)) -> 5 | C14: =SUMPRODUCT(((ISNUMBER('GRT Occidente'!L6:L784))*('GRT Occidente'!L6:L784=A14))*(('GRT Occidente'!K6:K784="INSTALADO - OPERANDO")+('GRT Occidente'!K6:K784="INSTALADO - SIN SEÑAL")>0)) -> 0 | D14: =SUMPRODUCT(((ISNUMBER('GRT Oriente'!L6:L400))*('GRT Oriente'!L6:L400=A14))*(('GRT Oriente'!K6:K400="INSTALADO - OPERANDO")+('GRT Oriente'!K6:K400="INSTALADO - SIN SEÑAL")>0)) -> 0 | E14: =SUMPRODUCT(((ISNUMBER('GRT Valle de México'!L6:L740))*('GRT Valle de México'!L6:L740=A14))*(('GRT Valle de México'!K6:K740="INSTALADO - OPERANDO")+('GRT Valle de México'!K6:K740="INSTALADO - SIN SEÑAL")>0)) -> 0 | F14: =SUMPRODUCT(((ISNUMBER('GRT Noroeste'!L6:L372))*('GRT Noroeste'!L6:L372=A14))*(('GRT Noroeste'!K6:K372="INSTALADO - OPERANDO")+('GRT Noroeste'!K6:K372="INSTALADO - SIN SEÑAL")>0)) -> 0 | G14: =SUMPRODUCT(((ISNUMBER('GRT Norte'!L6:L296))*('GRT Norte'!L6:L296=A14))*(('GRT Norte'!K6:K296="INSTALADO - OPERANDO")+('GRT Norte'!K6:K296="INSTALADO - SIN SEÑAL")>0)) -> 0 | H14: =SUMPRODUCT(((ISNUMBER('GRT Noreste'!L6:L262))*('GRT Noreste'!L6:L262=A14))*(('GRT Noreste'!K6:K262="INSTALADO - OPERANDO")+('GRT Noreste'!K6:K262="INSTALADO - SIN SEÑAL")>0)) -> 0 | I14: =SUMPRODUCT(((ISNUMBER('GRT Baja California'!L6:L281))*('GRT Baja California'!L6:L281=A14))*(('GRT Baja California'!K6:K281="INSTALADO - OPERANDO")+('GRT Baja California'!K6:K281="INSTALADO - SIN SEÑAL")>0)) -> 0 | J14: =SUM(B14:I14) -> 5 | K14: =K13+J14 -> 36 | L14: =IF(K14=0,"",K14/4230) -> 0.0085106383
A15: 46107 | B15: =SUMPRODUCT(((ISNUMBER('GRT Central'!L6:L1135))*('GRT Central'!L6:L1135=A15))*(('GRT Central'!K6:K1135="INSTALADO - OPERANDO")+('GRT Central'!K6:K1135="INSTALADO - SIN SEÑAL")>0)) -> 13 | C15: =SUMPRODUCT(((ISNUMBER('GRT Occidente'!L6:L784))*('GRT Occidente'!L6:L784=A15))*(('GRT Occidente'!K6:K784="INSTALADO - OPERANDO")+('GRT Occidente'!K6:K784="INSTALADO - SIN SEÑAL")>0)) -> 0 | D15: =SUMPRODUCT(((ISNUMBER('GRT Oriente'!L6:L400))*('GRT Oriente'!L6:L400=A15))*(('GRT Oriente'!K6:K400="INSTALADO - OPERANDO")+('GRT Oriente'!K6:K400="INSTALADO - SIN SEÑAL")>0)) -> 0 | E15: =SUMPRODUCT(((ISNUMBER('GRT Valle de México'!L6:L740))*('GRT Valle de México'!L6:L740=A15))*(('GRT Valle de México'!K6:K740="INSTALADO - OPERANDO")+('GRT Valle de México'!K6:K740="INSTALADO - SIN SEÑAL")>0)) -> 0 | F15: =SUMPRODUCT(((ISNUMBER('GRT Noroeste'!L6:L372))*('GRT Noroeste'!L6:L372=A15))*(('GRT Noroeste'!K6:K372="INSTALADO - OPERANDO")+('GRT Noroeste'!K6:K372="INSTALADO - SIN SEÑAL")>0)) -> 0 | G15: =SUMPRODUCT(((ISNUMBER('GRT Norte'!L6:L296))*('GRT Norte'!L6:L296=A15))*(('GRT Norte'!K6:K296="INSTALADO - OPERANDO")+('GRT Norte'!K6:K296="INSTALADO - SIN SEÑAL")>0)) -> 0 | H15: =SUMPRODUCT(((ISNUMBER('GRT Noreste'!L6:L262))*('GRT Noreste'!L6:L262=A15))*(('GRT Noreste'!K6:K262="INSTALADO - OPERANDO")+('GRT Noreste'!K6:K262="INSTALADO - SIN SEÑAL")>0)) -> 0 | I15: =SUMPRODUCT(((ISNUMBER('GRT Baja California'!L6:L281))*('GRT Baja California'!L6:L281=A15))*(('GRT Baja California'!K6:K281="INSTALADO - OPERANDO")+('GRT Baja California'!K6:K281="INSTALADO - SIN SEÑAL")>0)) -> 0 | J15: =SUM(B15:I15) -> 13 | K15: =K14+J15 -> 49 | L15: =IF(K15=0,"",K15/4230) -> 0.011583924
A16: 46108 | B16: =SUMPRODUCT(((ISNUMBER('GRT Central'!L6:L1135))*('GRT Central'!L6:L1135=A16))*(('GRT Central'!K6:K1135="INSTALADO - OPERANDO")+('GRT Central'!K6:K1135="INSTALADO - SIN SEÑAL")>0)) -> 13 | C16: =SUMPRODUCT(((ISNUMBER('GRT Occidente'!L6:L784))*('GRT Occidente'!L6:L784=A16))*(('GRT Occidente'!K6:K784="INSTALADO - OPERANDO")+('GRT Occidente'!K6:K784="INSTALADO - SIN SEÑAL")>0)) -> 0 | D16: =SUMPRODUCT(((ISNUMBER('GRT Oriente'!L6:L400))*('GRT Oriente'!L6:L400=A16))*(('GRT Oriente'!K6:K400="INSTALADO - OPERANDO")+('GRT Oriente'!K6:K400="INSTALADO - SIN SEÑAL")>0)) -> 0 | E16: =SUMPRODUCT(((ISNUMBER('GRT Valle de México'!L6:L740))*('GRT Valle de México'!L6:L740=A16))*(('GRT Valle de México'!K6:K740="INSTALADO - OPERANDO")+('GRT Valle de México'!K6:K740="INSTALADO - SIN SEÑAL")>0)) -> 0 | F16: =SUMPRODUCT(((ISNUMBER('GRT Noroeste'!L6:L372))*('GRT Noroeste'!L6:L372=A16))*(('GRT Noroeste'!K6:K372="INSTALADO - OPERANDO")+('GRT Noroeste'!K6:K372="INSTALADO - SIN SEÑAL")>0)) -> 0 | G16: =SUMPRODUCT(((ISNUMBER('GRT Norte'!L6:L296))*('GRT Norte'!L6:L296=A16))*(('GRT Norte'!K6:K296="INSTALADO - OPERANDO")+('GRT Norte'!K6:K296="INSTALADO - SIN SEÑAL")>0)) -> 0 | H16: =SUMPRODUCT(((ISNUMBER('GRT Noreste'!L6:L262))*('GRT Noreste'!L6:L262=A16))*(('GRT Noreste'!K6:K262="INSTALADO - OPERANDO")+('GRT Noreste'!K6:K262="INSTALADO - SIN SEÑAL")>0)) -> 0 | I16: =SUMPRODUCT(((ISNUMBER('GRT Baja California'!L6:L281))*('GRT Baja California'!L6:L281=A16))*(('GRT Baja California'!K6:K281="INSTALADO - OPERANDO")+('GRT Baja California'!K6:K281="INSTALADO - SIN SEÑAL")>0)) -> 0 | J16: =SUM(B16:I16) -> 13 | K16: =K15+J16 -> 62 | L16: =IF(K16=0,"",K16/4230) -> 0.01465721
A17: 46109 | B17: =SUMPRODUCT(((ISNUMBER('GRT Central'!L6:L1135))*('GRT Central'!L6:L1135=A17))*(('GRT Central'!K6:K1135="INSTALADO - OPERANDO")+('GRT Central'!K6:K1135="INSTALADO - SIN SEÑAL")>0)) -> 0 | C17: =SUMPRODUCT(((ISNUMBER('GRT Occidente'!L6:L784))*('GRT Occidente'!L6:L784=A17))*(('GRT Occidente'!K6:K784="INSTALADO - OPERANDO")+('GRT Occidente'!K6:K784="INSTALADO - SIN SEÑAL")>0)) -> 0 | D17: =SUMPRODUCT(((ISNUMBER('GRT Oriente'!L6:L400))*('GRT Oriente'!L6:L400=A17))*(('GRT Oriente'!K6:K400="INSTALADO - OPERANDO")+('GRT Oriente'!K6:K400="INSTALADO - SIN SEÑAL")>0)) -> 0 | E17: =SUMPRODUCT(((ISNUMBER('GRT Valle de México'!L6:L740))*('GRT Valle de México'!L6:L740=A17))*(('GRT Valle de México'!K6:K740="INSTALADO - OPERANDO")+('GRT Valle de México'!K6:K740="INSTALADO - SIN SEÑAL")>0)) -> 0 | F17: =SUMPRODUCT(((ISNUMBER('GRT Noroeste'!L6:L372))*('GRT Noroeste'!L6:L372=A17))*(('GRT Noroeste'!K6:K372="INSTALADO - OPERANDO")+('GRT Noroeste'!K6:K372="INSTALADO - SIN SEÑAL")>0)) -> 0 | G17: =SUMPRODUCT(((ISNUMBER('GRT Norte'!L6:L296))*('GRT Norte'!L6:L296=A17))*(('GRT Norte'!K6:K296="INSTALADO - OPERANDO")+('GRT Norte'!K6:K296="INSTALADO - SIN SEÑAL")>0)) -> 0 | H17: =SUMPRODUCT(((ISNUMBER('GRT Noreste'!L6:L262))*('GRT Noreste'!L6:L262=A17))*(('GRT Noreste'!K6:K262="INSTALADO - OPERANDO")+('GRT Noreste'!K6:K262="INSTALADO - SIN SEÑAL")>0)) -> 0 | I17: =SUMPRODUCT(((ISNUMBER('GRT Baja California'!L6:L281))*('GRT Baja California'!L6:L281=A17))*(('GRT Baja California'!K6:K281="INSTALADO - OPERANDO")+('GRT Baja California'!K6:K281="INSTALADO - SIN SEÑAL")>0)) -> 0 | J17: =SUM(B17:I17) -> 0 | K17: =K16+J17 -> 62 | L17: =IF(K17=0,"",K17/4230) -> 0.01465721
A18: 46110 | B18: =SUMPRODUCT(((ISNUMBER('GRT Central'!L6:L1135))*('GRT Central'!L6:L1135=A18))*(('GRT Central'!K6:K1135="INSTALADO - OPERANDO")+('GRT Central'!K6:K1135="INSTALADO - SIN SEÑAL")>0)) -> 0 | C18: =SUMPRODUCT(((ISNUMBER('GRT Occidente'!L6:L784))*('GRT Occidente'!L6:L784=A18))*(('GRT Occidente'!K6:K784="INSTALADO - OPERANDO")+('GRT Occidente'!K6:K784="INSTALADO - SIN SEÑAL")>0)) -> 0 | D18: =SUMPRODUCT(((ISNUMBER('GRT Oriente'!L6:L400))*('GRT Oriente'!L6:L400=A18))*(('GRT Oriente'!K6:K400="INSTALADO - OPERANDO")+('GRT Oriente'!K6:K400="INSTALADO - SIN SEÑAL")>0)) -> 0 | E18: =SUMPRODUCT(((ISNUMBER('GRT Valle de México'!L6:L740))*('GRT Valle de México'!L6:L740=A18))*(('GRT Valle de México'!K6:K740="INSTALADO - OPERANDO")+('GRT Valle de México'!K6:K740="INSTALADO - SIN SEÑAL")>0)) -> 0 | F18: =SUMPRODUCT(((ISNUMBER('GRT Noroeste'!L6:L372))*('GRT Noroeste'!L6:L372=A18))*(('GRT Noroeste'!K6:K372="INSTALADO - OPERANDO")+('GRT Noroeste'!K6:K372="INSTALADO - SIN SEÑAL")>0)) -> 0 | G18: =SUMPRODUCT(((ISNUMBER('GRT Norte'!L6:L296))*('GRT Norte'!L6:L296=A18))*(('GRT Norte'!K6:K296="INSTALADO - OPERANDO")+('GRT Norte'!K6:K296="INSTALADO - SIN SEÑAL")>0)) -> 0 | H18: =SUMPRODUCT(((ISNUMBER('GRT Noreste'!L6:L262))*('GRT Noreste'!L6:L262=A18))*(('GRT Noreste'!K6:K262="INSTALADO - OPERANDO")+('GRT Noreste'!K6:K262="INSTALADO - SIN SEÑAL")>0)) -> 0 | I18: =SUMPRODUCT(((ISNUMBER('GRT Baja California'!L6:L281))*('GRT Baja California'!L6:L281=A18))*(('GRT Baja California'!K6:K281="INSTALADO - OPERANDO")+('GRT Baja California'!K6:K281="INSTALADO - SIN SEÑAL")>0)) -> 0 | J18: =SUM(B18:I18) -> 0 | K18: =K17+J18 -> 62 | L18: =IF(K18=0,"",K18/4230) -> 0.01465721
A19: 46111 | B19: =SUMPRODUCT(((ISNUMBER('GRT Central'!L6:L1135))*('GRT Central'!L6:L1135=A19))*(('GRT Central'!K6:K1135="INSTALADO - OPERANDO")+('GRT Central'!K6:K1135="INSTALADO - SIN SEÑAL")>0)) -> 18 | C19: =SUMPRODUCT(((ISNUMBER('GRT Occidente'!L6:L784))*('GRT Occidente'!L6:L784=A19))*(('GRT Occidente'!K6:K784="INSTALADO - OPERANDO")+('GRT Occidente'!K6:K784="INSTALADO - SIN SEÑAL")>0)) -> 0 | D19: =SUMPRODUCT(((ISNUMBER('GRT Oriente'!L6:L400))*('GRT Oriente'!L6:L400=A19))*(('GRT Oriente'!K6:K400="INSTALADO - OPERANDO")+('GRT Oriente'!K6:K400="INSTALADO - SIN SEÑAL")>0)) -> 0 | E19: =SUMPRODUCT(((ISNUMBER('GRT Valle de México'!L6:L740))*('GRT Valle de México'!L6:L740=A19))*(('GRT Valle de México'!K6:K740="INSTALADO - OPERANDO")+('GRT Valle de México'!K6:K740="INSTALADO - SIN SEÑAL")>0)) -> 0 | F19: =SUMPRODUCT(((ISNUMBER('GRT Noroeste'!L6:L372))*('GRT Noroeste'!L6:L372=A19))*(('GRT Noroeste'!K6:K372="INSTALADO - OPERANDO")+('GRT Noroeste'!K6:K372="INSTALADO - SIN SEÑAL")>0)) -> 0 | G19: =SUMPRODUCT(((ISNUMBER('GRT Norte'!L6:L296))*('GRT Norte'!L6:L296=A19))*(('GRT Norte'!K6:K296="INSTALADO - OPERANDO")+('GRT Norte'!K6:K296="INSTALADO - SIN SEÑAL")>0)) -> 0 | H19: =SUMPRODUCT(((ISNUMBER('GRT Noreste'!L6:L262))*('GRT Noreste'!L6:L262=A19))*(('GRT Noreste'!K6:K262="INSTALADO - OPERANDO")+('GRT Noreste'!K6:K262="INSTALADO - SIN SEÑAL")>0)) -> 0 | I19: =SUMPRODUCT(((ISNUMBER('GRT Baja California'!L6:L281))*('GRT Baja California'!L6:L281=A19))*(('GRT Baja California'!K6:K281="INSTALADO - OPERANDO")+('GRT Baja California'!K6:K281="INSTALADO - SIN SEÑAL")>0)) -> 0 | J19: =SUM(B19:I19) -> 18 | K19: =K18+J19 -> 80 | L19: =IF(K19=0,"",K19/4230) -> 0.01891253
A20: 46112 | B20: =SUMPRODUCT(((ISNUMBER('GRT Central'!L6:L1135))*('GRT Central'!L6:L1135=A20))*(('GRT Central'!K6:K1135="INSTALADO - OPERANDO")+('GRT Central'!K6:K1135="INSTALADO - SIN SEÑAL")>0)) -> 23 | C20: =SUMPRODUCT(((ISNUMBER('GRT Occidente'!L6:L784))*('GRT Occidente'!L6:L784=A20))*(('GRT Occidente'!K6:K784="INSTALADO - OPERANDO")+('GRT Occidente'!K6:K784="INSTALADO - SIN SEÑAL")>0)) -> 0 | D20: =SUMPRODUCT(((ISNUMBER('GRT Oriente'!L6:L400))*('GRT Oriente'!L6:L400=A20))*(('GRT Oriente'!K6:K400="INSTALADO - OPERANDO")+('GRT Oriente'!K6:K400="INSTALADO - SIN SEÑAL")>0)) -> 0 | E20: =SUMPRODUCT(((ISNUMBER('GRT Valle de México'!L6:L740))*('GRT Valle de México'!L6:L740=A20))*(('GRT Valle de México'!K6:K740="INSTALADO - OPERANDO")+('GRT Valle de México'!K6:K740="INSTALADO - SIN SEÑAL")>0)) -> 0 | F20: =SUMPRODUCT(((ISNUMBER('GRT Noroeste'!L6:L372))*('GRT Noroeste'!L6:L372=A20))*(('GRT Noroeste'!K6:K372="INSTALADO - OPERANDO")+('GRT Noroeste'!K6:K372="INSTALADO - SIN SEÑAL")>0)) -> 0 | G20: =SUMPRODUCT(((ISNUMBER('GRT Norte'!L6:L296))*('GRT Norte'!L6:L296=A20))*(('GRT Norte'!K6:K296="INSTALADO - OPERANDO")+('GRT Norte'!K6:K296="INSTALADO - SIN SEÑAL")>0)) -> 0 | H20: =SUMPRODUCT(((ISNUMBER('GRT Noreste'!L6:L262))*('GRT Noreste'!L6:L262=A20))*(('GRT Noreste'!K6:K262="INSTALADO - OPERANDO")+('GRT Noreste'!K6:K262="INSTALADO - SIN SEÑAL")>0)) -> 0 | I20: =SUMPRODUCT(((ISNUMBER('GRT Baja California'!L6:L281))*('GRT Baja California'!L6:L281=A20))*(('GRT Baja California'!K6:K281="INSTALADO - OPERANDO")+('GRT Baja California'!K6:K281="INSTALADO - SIN SEÑAL")>0)) -> 0 | J20: =SUM(B20:I20) -> 23 | K20: =K19+J20 -> 103 | L20: =IF(K20=0,"",K20/4230) -> 0.024349882
A21: 46113 | B21: =SUMPRODUCT(((ISNUMBER('GRT Central'!L6:L1135))*('GRT Central'!L6:L1135=A21))*(('GRT Central'!K6:K1135="INSTALADO - OPERANDO")+('GRT Central'!K6:K1135="INSTALADO - SIN SEÑAL")>0)) -> 11 | C21: =SUMPRODUCT(((ISNUMBER('GRT Occidente'!L6:L784))*('GRT Occidente'!L6:L784=A21))*(('GRT Occidente'!K6:K784="INSTALADO - OPERANDO")+('GRT Occidente'!K6:K784="INSTALADO - SIN SEÑAL")>0)) -> 0 | D21: =SUMPRODUCT(((ISNUMBER('GRT Oriente'!L6:L400))*('GRT Oriente'!L6:L400=A21))*(('GRT Oriente'!K6:K400="INSTALADO - OPERANDO")+('GRT Oriente'!K6:K400="INSTALADO - SIN SEÑAL")>0)) -> 0 | E21: =SUMPRODUCT(((ISNUMBER('GRT Valle de México'!L6:L740))*('GRT Valle de México'!L6:L740=A21))*(('GRT Valle de México'!K6:K740="INSTALADO - OPERANDO")+('GRT Valle de México'!K6:K740="INSTALADO - SIN SEÑAL")>0)) -> 0 | F21: =SUMPRODUCT(((ISNUMBER('GRT Noroeste'!L6:L372))*('GRT Noroeste'!L6:L372=A21))*(('GRT Noroeste'!K6:K372="INSTALADO - OPERANDO")+('GRT Noroeste'!K6:K372="INSTALADO - SIN SEÑAL")>0)) -> 0 | G21: =SUMPRODUCT(((ISNUMBER('GRT Norte'!L6:L296))*('GRT Norte'!L6:L296=A21))*(('GRT Norte'!K6:K296="INSTALADO - OPERANDO")+('GRT Norte'!K6:K296="INSTALADO - SIN SEÑAL")>0)) -> 0 | H21: =SUMPRODUCT(((ISNUMBER('GRT Noreste'!L6:L262))*('GRT Noreste'!L6:L262=A21))*(('GRT Noreste'!K6:K262="INSTALADO - OPERANDO")+('GRT Noreste'!K6:K262="INSTALADO - SIN SEÑAL")>0)) -> 0 | I21: =SUMPRODUCT(((ISNUMBER('GRT Baja California'!L6:L281))*('GRT Baja California'!L6:L281=A21))*(('GRT Baja California'!K6:K281="INSTALADO - OPERANDO")+('GRT Baja California'!K6:K281="INSTALADO - SIN SEÑAL")>0)) -> 0 | J21: =SUM(B21:I21) -> 11 | K21: =K20+J21 -> 114 | L21: =IF(K21=0,"",K21/4230) -> 0.026950355
A22: 46114 | B22: =SUMPRODUCT(((ISNUMBER('GRT Central'!L6:L1135))*('GRT Central'!L6:L1135=A22))*(('GRT Central'!K6:K1135="INSTALADO - OPERANDO")+('GRT Central'!K6:K1135="INSTALADO - SIN SEÑAL")>0)) -> 0 | C22: =SUMPRODUCT(((ISNUMBER('GRT Occidente'!L6:L784))*('GRT Occidente'!L6:L784=A22))*(('GRT Occidente'!K6:K784="INSTALADO - OPERANDO")+('GRT Occidente'!K6:K784="INSTALADO - SIN SEÑAL")>0)) -> 0 | D22: =SUMPRODUCT(((ISNUMBER('GRT Oriente'!L6:L400))*('GRT Oriente'!L6:L400=A22))*(('GRT Oriente'!K6:K400="INSTALADO - OPERANDO")+('GRT Oriente'!K6:K400="INSTALADO - SIN SEÑAL")>0)) -> 0 | E22: =SUMPRODUCT(((ISNUMBER('GRT Valle de México'!L6:L740))*('GRT Valle de México'!L6:L740=A22))*(('GRT Valle de México'!K6:K740="INSTALADO - OPERANDO")+('GRT Valle de México'!K6:K740="INSTALADO - SIN SEÑAL")>0)) -> 0 | F22: =SUMPRODUCT(((ISNUMBER('GRT Noroeste'!L6:L372))*('GRT Noroeste'!L6:L372=A22))*(('GRT Noroeste'!K6:K372="INSTALADO - OPERANDO")+('GRT Noroeste'!K6:K372="INSTALADO - SIN SEÑAL")>0)) -> 0 | G22: =SUMPRODUCT(((ISNUMBER('GRT Norte'!L6:L296))*('GRT Norte'!L6:L296=A22))*(('GRT Norte'!K6:K296="INSTALADO - OPERANDO")+('GRT Norte'!K6:K296="INSTALADO - SIN SEÑAL")>0)) -> 0 | H22: =SUMPRODUCT(((ISNUMBER('GRT Noreste'!L6:L262))*('GRT Noreste'!L6:L262=A22))*(('GRT Noreste'!K6:K262="INSTALADO - OPERANDO")+('GRT Noreste'!K6:K262="INSTALADO - SIN SEÑAL")>0)) -> 0 | I22: =SUMPRODUCT(((ISNUMBER('GRT Baja California'!L6:L281))*('GRT Baja California'!L6:L281=A22))*(('GRT Baja California'!K6:K281="INSTALADO - OPERANDO")+('GRT Baja California'!K6:K281="INSTALADO - SIN SEÑAL")>0)) -> 0 | J22: =SUM(B22:I22) -> 0 | K22: =K21+J22 -> 114 | L22: =IF(K22=0,"",K22/4230) -> 0.026950355
A23: 46115 | B23: =SUMPRODUCT(((ISNUMBER('GRT Central'!L6:L1135))*('GRT Central'!L6:L1135=A23))*(('GRT Central'!K6:K1135="INSTALADO - OPERANDO")+('GRT Central'!K6:K1135="INSTALADO - SIN SEÑAL")>0)) -> 0 | C23: =SUMPRODUCT(((ISNUMBER('GRT Occidente'!L6:L784))*('GRT Occidente'!L6:L784=A23))*(('GRT Occidente'!K6:K784="INSTALADO - OPERANDO")+('GRT Occidente'!K6:K784="INSTALADO - SIN SEÑAL")>0)) -> 0 | D23: =SUMPRODUCT(((ISNUMBER('GRT Oriente'!L6:L400))*('GRT Oriente'!L6:L400=A23))*(('GRT Oriente'!K6:K400="INSTALADO - OPERANDO")+('GRT Oriente'!K6:K400="INSTALADO - SIN SEÑAL")>0)) -> 0 | E23: =SUMPRODUCT(((ISNUMBER('GRT Valle de México'!L6:L740))*('GRT Valle de México'!L6:L740=A23))*(('GRT Valle de México'!K6:K740="INSTALADO - OPERANDO")+('GRT Valle de México'!K6:K740="INSTALADO - SIN SEÑAL")>0)) -> 0 | F23: =SUMPRODUCT(((ISNUMBER('GRT Noroeste'!L6:L372))*('GRT Noroeste'!L6:L372=A23))*(('GRT Noroeste'!K6:K372="INSTALADO - OPERANDO")+('GRT Noroeste'!K6:K372="INSTALADO - SIN SEÑAL")>0)) -> 0 | G23: =SUMPRODUCT(((ISNUMBER('GRT Norte'!L6:L296))*('GRT Norte'!L6:L296=A23))*(('GRT Norte'!K6:K296="INSTALADO - OPERANDO")+('GRT Norte'!K6:K296="INSTALADO - SIN SEÑAL")>0)) -> 0 | H23: =SUMPRODUCT(((ISNUMBER('GRT Noreste'!L6:L262))*('GRT Noreste'!L6:L262=A23))*(('GRT Noreste'!K6:K262="INSTALADO - OPERANDO")+('GRT Noreste'!K6:K262="INSTALADO - SIN SEÑAL")>0)) -> 0 | I23: =SUMPRODUCT(((ISNUMBER('GRT Baja California'!L6:L281))*('GRT Baja California'!L6:L281=A23))*(('GRT Baja California'!K6:K281="INSTALADO - OPERANDO")+('GRT Baja California'!K6:K281="INSTALADO - SIN SEÑAL")>0)) -> 0 | J23: =SUM(B23:I23) -> 0 | K23: =K22+J23 -> 114 | L23: =IF(K23=0,"",K23/4230) -> 0.026950355
A24: 46116 | B24: =SUMPRODUCT(((ISNUMBER('GRT Central'!L6:L1135))*('GRT Central'!L6:L1135=A24))*(('GRT Central'!K6:K1135="INSTALADO - OPERANDO")+('GRT Central'!K6:K1135="INSTALADO - SIN SEÑAL")>0)) -> 0 | C24: =SUMPRODUCT(((ISNUMBER('GRT Occidente'!L6:L784))*('GRT Occidente'!L6:L784=A24))*(('GRT Occidente'!K6:K784="INSTALADO - OPERANDO")+('GRT Occidente'!K6:K784="INSTALADO - SIN SEÑAL")>0)) -> 0 | D24: =SUMPRODUCT(((ISNUMBER('GRT Oriente'!L6:L400))*('GRT Oriente'!L6:L400=A24))*(('GRT Oriente'!K6:K400="INSTALADO - OPERANDO")+('GRT Oriente'!K6:K400="INSTALADO - SIN SEÑAL")>0)) -> 0 | E24: =SUMPRODUCT(((ISNUMBER('GRT Valle de México'!L6:L740))*('GRT Valle de México'!L6:L740=A24))*(('GRT Valle de México'!K6:K740="INSTALADO - OPERANDO")+('GRT Valle de México'!K6:K740="INSTALADO - SIN SEÑAL")>0)) -> 0 | F24: =SUMPRODUCT(((ISNUMBER('GRT Noroeste'!L6:L372))*('GRT Noroeste'!L6:L372=A24))*(('GRT Noroeste'!K6:K372="INSTALADO - OPERANDO")+('GRT Noroeste'!K6:K372="INSTALADO - SIN SEÑAL")>0)) -> 0 | G24: =SUMPRODUCT(((ISNUMBER('GRT Norte'!L6:L296))*('GRT Norte'!L6:L296=A24))*(('GRT Norte'!K6:K296="INSTALADO - OPERANDO")+('GRT Norte'!K6:K296="INSTALADO - SIN SEÑAL")>0)) -> 0 | H24: =SUMPRODUCT(((ISNUMBER('GRT Noreste'!L6:L262))*('GRT Noreste'!L6:L262=A24))*(('GRT Noreste'!K6:K262="INSTALADO - OPERANDO")+('GRT Noreste'!K6:K262="INSTALADO - SIN SEÑAL")>0)) -> 0 | I24: =SUMPRODUCT(((ISNUMBER('GRT Baja California'!L6:L281))*('GRT Baja California'!L6:L281=A24))*(('GRT Baja California'!K6:K281="INSTALADO - OPERANDO")+('GRT Baja California'!K6:K281="INSTALADO - SIN SEÑAL")>0)) -> 0 | J24: =SUM(B24:I24) -> 0 | K24: =K23+J24 -> 114 | L24: =IF(K24=0,"",K24/4230) -> 0.026950355
A25: 46117 | B25: =SUMPRODUCT(((ISNUMBER('GRT Central'!L6:L1135))*('GRT Central'!L6:L1135=A25))*(('GRT Central'!K6:K1135="INSTALADO - OPERANDO")+('GRT Central'!K6:K1135="INSTALADO - SIN SEÑAL")>0)) -> 0 | C25: =SUMPRODUCT(((ISNUMBER('GRT Occidente'!L6:L784))*('GRT Occidente'!L6:L784=A25))*(('GRT Occidente'!K6:K784="INSTALADO - OPERANDO")+('GRT Occidente'!K6:K784="INSTALADO - SIN SEÑAL")>0)) -> 0 | D25: =SUMPRODUCT(((ISNUMBER('GRT Oriente'!L6:L400))*('GRT Oriente'!L6:L400=A25))*(('GRT Oriente'!K6:K400="INSTALADO - OPERANDO")+('GRT Oriente'!K6:K400="INSTALADO - SIN SEÑAL")>0)) -> 0 | E25: =SUMPRODUCT(((ISNUMBER('GRT Valle de México'!L6:L740))*('GRT Valle de México'!L6:L740=A25))*(('GRT Valle de México'!K6:K740="INSTALADO - OPERANDO")+('GRT Valle de México'!K6:K740="INSTALADO - SIN SEÑAL")>0)) -> 0 | F25: =SUMPRODUCT(((ISNUMBER('GRT Noroeste'!L6:L372))*('GRT Noroeste'!L6:L372=A25))*(('GRT Noroeste'!K6:K372="INSTALADO - OPERANDO")+('GRT Noroeste'!K6:K372="INSTALADO - SIN SEÑAL")>0)) -> 0 | G25: =SUMPRODUCT(((ISNUMBER('GRT Norte'!L6:L296))*('GRT Norte'!L6:L296=A25))*(('GRT Norte'!K6:K296="INSTALADO - OPERANDO")+('GRT Norte'!K6:K296="INSTALADO - SIN SEÑAL")>0)) -> 0 | H25: =SUMPRODUCT(((ISNUMBER('GRT Noreste'!L6:L262))*('GRT Noreste'!L6:L262=A25))*(('GRT Noreste'!K6:K262="INSTALADO - OPERANDO")+('GRT Noreste'!K6:K262="INSTALADO - SIN SEÑAL")>0)) -> 0 | I25: =SUMPRODUCT(((ISNUMBER('GRT Baja California'!L6:L281))*('GRT Baja California'!L6:L281=A25))*(('GRT Baja California'!K6:K281="INSTALADO - OPERANDO")+('GRT Baja California'!K6:K281="INSTALADO - SIN SEÑAL")>0)) -> 0 | J25: =SUM(B25:I25) -> 0 | K25: =K24+J25 -> 114 | L25: =IF(K25=0,"",K25/4230) -> 0.026950355
A26: 46118 | B26: =SUMPRODUCT(((ISNUMBER('GRT Central'!L6:L1135))*('GRT Central'!L6:L1135=A26))*(('GRT Central'!K6:K1135="INSTALADO - OPERANDO")+('GRT Central'!K6:K1135="INSTALADO - SIN SEÑAL")>0)) -> 7 | C26: =SUMPRODUCT(((ISNUMBER('GRT Occidente'!L6:L784))*('GRT Occidente'!L6:L784=A26))*(('GRT Occidente'!K6:K784="INSTALADO - OPERANDO")+('GRT Occidente'!K6:K784="INSTALADO - SIN SEÑAL")>0)) -> 0 | D26: =SUMPRODUCT(((ISNUMBER('GRT Oriente'!L6:L400))*('GRT Oriente'!L6:L400=A26))*(('GRT Oriente'!K6:K400="INSTALADO - OPERANDO")+('GRT Oriente'!K6:K400="INSTALADO - SIN SEÑAL")>0)) -> 0 | E26: =SUMPRODUCT(((ISNUMBER('GRT Valle de México'!L6:L740))*('GRT Valle de México'!L6:L740=A26))*(('GRT Valle de México'!K6:K740="INSTALADO - OPERANDO")+('GRT Valle de México'!K6:K740="INSTALADO - SIN SEÑAL")>0)) -> 0 | F26: =SUMPRODUCT(((ISNUMBER('GRT Noroeste'!L6:L372))*('GRT Noroeste'!L6:L372=A26))*(('GRT Noroeste'!K6:K372="INSTALADO - OPERANDO")+('GRT Noroeste'!K6:K372="INSTALADO - SIN SEÑAL")>0)) -> 0 | G26: =SUMPRODUCT(((ISNUMBER('GRT Norte'!L6:L296))*('GRT Norte'!L6:L296=A26))*(('GRT Norte'!K6:K296="INSTALADO - OPERANDO")+('GRT Norte'!K6:K296="INSTALADO - SIN SEÑAL")>0)) -> 0 | H26: =SUMPRODUCT(((ISNUMBER('GRT Noreste'!L6:L262))*('GRT Noreste'!L6:L262=A26))*(('GRT Noreste'!K6:K262="INSTALADO - OPERANDO")+('GRT Noreste'!K6:K262="INSTALADO - SIN SEÑAL")>0)) -> 0 | I26: =SUMPRODUCT(((ISNUMBER('GRT Baja California'!L6:L281))*('GRT Baja California'!L6:L281=A26))*(('GRT Baja California'!K6:K281="INSTALADO - OPERANDO")+('GRT Baja California'!K6:K281="INSTALADO - SIN SEÑAL")>0)) -> 0 | J26: =SUM(B26:I26) -> 7 | K26: =K25+J26 -> 121 | L26: =IF(K26=0,"",K26/4230) -> 0.028605201
A27: 46119 | B27: =SUMPRODUCT(((ISNUMBER('GRT Central'!L6:L1135))*('GRT Central'!L6:L1135=A27))*(('GRT Central'!K6:K1135="INSTALADO - OPERANDO")+('GRT Central'!K6:K1135="INSTALADO - SIN SEÑAL")>0)) -> 10 | C27: =SUMPRODUCT(((ISNUMBER('GRT Occidente'!L6:L784))*('GRT Occidente'!L6:L784=A27))*(('GRT Occidente'!K6:K784="INSTALADO - OPERANDO")+('GRT Occidente'!K6:K784="INSTALADO - SIN SEÑAL")>0)) -> 0 | D27: =SUMPRODUCT(((ISNUMBER('GRT Oriente'!L6:L400))*('GRT Oriente'!L6:L400=A27))*(('GRT Oriente'!K6:K400="INSTALADO - OPERANDO")+('GRT Oriente'!K6:K400="INSTALADO - SIN SEÑAL")>0)) -> 0 | E27: =SUMPRODUCT(((ISNUMBER('GRT Valle de México'!L6:L740))*('GRT Valle de México'!L6:L740=A27))*(('GRT Valle de México'!K6:K740="INSTALADO - OPERANDO")+('GRT Valle de México'!K6:K740="INSTALADO - SIN SEÑAL")>0)) -> 0 | F27: =SUMPRODUCT(((ISNUMBER('GRT Noroeste'!L6:L372))*('GRT Noroeste'!L6:L372=A27))*(('GRT Noroeste'!K6:K372="INSTALADO - OPERANDO")+('GRT Noroeste'!K6:K372="INSTALADO - SIN SEÑAL")>0)) -> 0 | G27: =SUMPRODUCT(((ISNUMBER('GRT Norte'!L6:L296))*('GRT Norte'!L6:L296=A27))*(('GRT Norte'!K6:K296="INSTALADO - OPERANDO")+('GRT Norte'!K6:K296="INSTALADO - SIN SEÑAL")>0)) -> 0 | H27: =SUMPRODUCT(((ISNUMBER('GRT Noreste'!L6:L262))*('GRT Noreste'!L6:L262=A27))*(('GRT Noreste'!K6:K262="INSTALADO - OPERANDO")+('GRT Noreste'!K6:K262="INSTALADO - SIN SEÑAL")>0)) -> 0 | I27: =SUMPRODUCT(((ISNUMBER('GRT Baja California'!L6:L281))*('GRT Baja California'!L6:L281=A27))*(('GRT Baja California'!K6:K281="INSTALADO - OPERANDO")+('GRT Baja California'!K6:K281="INSTALADO - SIN SEÑAL")>0)) -> 0 | J27: =SUM(B27:I27) -> 10 | K27: =K26+J27 -> 131 | L27: =IF(K27=0,"",K27/4230) -> 0.030969267
A28: 46120 | B28: =SUMPRODUCT(((ISNUMBER('GRT Central'!L6:L1135))*('GRT Central'!L6:L1135=A28))*(('GRT Central'!K6:K1135="INSTALADO - OPERANDO")+('GRT Central'!K6:K1135="INSTALADO - SIN SEÑAL")>0)) -> 14 | C28: =SUMPRODUCT(((ISNUMBER('GRT Occidente'!L6:L784))*('GRT Occidente'!L6:L784=A28))*(('GRT Occidente'!K6:K784="INSTALADO - OPERANDO")+('GRT Occidente'!K6:K784="INSTALADO - SIN SEÑAL")>0)) -> 0 | D28: =SUMPRODUCT(((ISNUMBER('GRT Oriente'!L6:L400))*('GRT Oriente'!L6:L400=A28))*(('GRT Oriente'!K6:K400="INSTALADO - OPERANDO")+('GRT Oriente'!K6:K400="INSTALADO - SIN SEÑAL")>0)) -> 0 | E28: =SUMPRODUCT(((ISNUMBER('GRT Valle de México'!L6:L740))*('GRT Valle de México'!L6:L740=A28))*(('GRT Valle de México'!K6:K740="INSTALADO - OPERANDO")+('GRT Valle de México'!K6:K740="INSTALADO - SIN SEÑAL")>0)) -> 0 | F28: =SUMPRODUCT(((ISNUMBER('GRT Noroeste'!L6:L372))*('GRT Noroeste'!L6:L372=A28))*(('GRT Noroeste'!K6:K372="INSTALADO - OPERANDO")+('GRT Noroeste'!K6:K372="INSTALADO - SIN SEÑAL")>0)) -> 0 | G28: =SUMPRODUCT(((ISNUMBER('GRT Norte'!L6:L296))*('GRT Norte'!L6:L296=A28))*(('GRT Norte'!K6:K296="INSTALADO - OPERANDO")+('GRT Norte'!K6:K296="INSTALADO - SIN SEÑAL")>0)) -> 0 | H28: =SUMPRODUCT(((ISNUMBER('GRT Noreste'!L6:L262))*('GRT Noreste'!L6:L262=A28))*(('GRT Noreste'!K6:K262="INSTALADO - OPERANDO")+('GRT Noreste'!K6:K262="INSTALADO - SIN SEÑAL")>0)) -> 0 | I28: =SUMPRODUCT(((ISNUMBER('GRT Baja California'!L6:L281))*('GRT Baja California'!L6:L281=A28))*(('GRT Baja California'!K6:K281="INSTALADO - OPERANDO")+('GRT Baja California'!K6:K281="INSTALADO - SIN SEÑAL")>0)) -> 0 | J28: =SUM(B28:I28) -> 14 | K28: =K27+J28 -> 145 | L28: =IF(K28=0,"",K28/4230) -> 0.03427896
A29: 46121 | B29: =SUMPRODUCT(((ISNUMBER('GRT Central'!L6:L1135))*('GRT Central'!L6:L1135=A29))*(('GRT Central'!K6:K1135="INSTALADO - OPERANDO")+('GRT Central'!K6:K1135="INSTALADO - SIN SEÑAL")>0)) -> 14 | C29: =SUMPRODUCT(((ISNUMBER('GRT Occidente'!L6:L784))*('GRT Occidente'!L6:L784=A29))*(('GRT Occidente'!K6:K784="INSTALADO - OPERANDO")+('GRT Occidente'!K6:K784="INSTALADO - SIN SEÑAL")>0)) -> 0 | D29: =SUMPRODUCT(((ISNUMBER('GRT Oriente'!L6:L400))*('GRT Oriente'!L6:L400=A29))*(('GRT Oriente'!K6:K400="INSTALADO - OPERANDO")+('GRT Oriente'!K6:K400="INSTALADO - SIN SEÑAL")>0)) -> 0 | E29: =SUMPRODUCT(((ISNUMBER('GRT Valle de México'!L6:L740))*('GRT Valle de México'!L6:L740=A29))*(('GRT Valle de México'!K6:K740="INSTALADO - OPERANDO")+('GRT Valle de México'!K6:K740="INSTALADO - SIN SEÑAL")>0)) -> 0 | F29: =SUMPRODUCT(((ISNUMBER('GRT Noroeste'!L6:L372))*('GRT Noroeste'!L6:L372=A29))*(('GRT Noroeste'!K6:K372="INSTALADO - OPERANDO")+('GRT Noroeste'!K6:K372="INSTALADO - SIN SEÑAL")>0)) -> 0 | G29: =SUMPRODUCT(((ISNUMBER('GRT Norte'!L6:L296))*('GRT Norte'!L6:L296=A29))*(('GRT Norte'!K6:K296="INSTALADO - OPERANDO")+('GRT Norte'!K6:K296="INSTALADO - SIN SEÑAL")>0)) -> 0 | H29: =SUMPRODUCT(((ISNUMBER('GRT Noreste'!L6:L262))*('GRT Noreste'!L6:L262=A29))*(('GRT Noreste'!K6:K262="INSTALADO - OPERANDO")+('GRT Noreste'!K6:K262="INSTALADO - SIN SEÑAL")>0)) -> 0 | I29: =SUMPRODUCT(((ISNUMBER('GRT Baja California'!L6:L281))*('GRT Baja California'!L6:L281=A29))*(('GRT Baja California'!K6:K281="INSTALADO - OPERANDO")+('GRT Baja California'!K6:K281="INSTALADO - SIN SEÑAL")>0)) -> 0 | J29: =SUM(B29:I29) -> 14 | K29: =K28+J29 -> 159 | L29: =IF(K29=0,"",K29/4230) -> 0.037588652
A30: 46122 | B30: =SUMPRODUCT(((ISNUMBER('GRT Central'!L6:L1135))*('GRT Central'!L6:L1135=A30))*(('GRT Central'!K6:K1135="INSTALADO - OPERANDO")+('GRT Central'!K6:K1135="INSTALADO - SIN SEÑAL")>0)) -> 7 | C30: =SUMPRODUCT(((ISNUMBER('GRT Occidente'!L6:L784))*('GRT Occidente'!L6:L784=A30))*(('GRT Occidente'!K6:K784="INSTALADO - OPERANDO")+('GRT Occidente'!K6:K784="INSTALADO - SIN SEÑAL")>0)) -> 0 | D30: =SUMPRODUCT(((ISNUMBER('GRT Oriente'!L6:L400))*('GRT Oriente'!L6:L400=A30))*(('GRT Oriente'!K6:K400="INSTALADO - OPERANDO")+('GRT Oriente'!K6:K400="INSTALADO - SIN SEÑAL")>0)) -> 0 | E30: =SUMPRODUCT(((ISNUMBER('GRT Valle de México'!L6:L740))*('GRT Valle de México'!L6:L740=A30))*(('GRT Valle de México'!K6:K740="INSTALADO - OPERANDO")+('GRT Valle de México'!K6:K740="INSTALADO - SIN SEÑAL")>0)) -> 0 | F30: =SUMPRODUCT(((ISNUMBER('GRT Noroeste'!L6:L372))*('GRT Noroeste'!L6:L372=A30))*(('GRT Noroeste'!K6:K372="INSTALADO - OPERANDO")+('GRT Noroeste'!K6:K372="INSTALADO - SIN SEÑAL")>0)) -> 0 | G30: =SUMPRODUCT(((ISNUMBER('GRT Norte'!L6:L296))*('GRT Norte'!L6:L296=A30))*(('GRT Norte'!K6:K296="INSTALADO - OPERANDO")+('GRT Norte'!K6:K296="INSTALADO - SIN SEÑAL")>0)) -> 0 | H30: =SUMPRODUCT(((ISNUMBER('GRT Noreste'!L6:L262))*('GRT Noreste'!L6:L262=A30))*(('GRT Noreste'!K6:K262="INSTALADO - OPERANDO")+('GRT Noreste'!K6:K262="INSTALADO - SIN SEÑAL")>0)) -> 0 | I30: =SUMPRODUCT(((ISNUMBER('GRT Baja California'!L6:L281))*('GRT Baja California'!L6:L281=A30))*(('GRT Baja California'!K6:K281="INSTALADO - OPERANDO")+('GRT Baja California'!K6:K281="INSTALADO - SIN SEÑAL")>0)) -> 0 | J30: =SUM(B30:I30) -> 7 | K30: =K29+J30 -> 166 | L30: =IF(K30=0,"",K30/4230) -> 0.039243499
A31: 46123 | B31: =SUMPRODUCT(((ISNUMBER('GRT Central'!L6:L1135))*('GRT Central'!L6:L1135=A31))*(('GRT Central'!K6:K1135="INSTALADO - OPERANDO")+('GRT Central'!K6:K1135="INSTALADO - SIN SEÑAL")>0)) -> 0 | C31: =SUMPRODUCT(((ISNUMBER('GRT Occidente'!L6:L784))*('GRT Occidente'!L6:L784=A31))*(('GRT Occidente'!K6:K784="INSTALADO - OPERANDO")+('GRT Occidente'!K6:K784="INSTALADO - SIN SEÑAL")>0)) -> 0 | D31: =SUMPRODUCT(((ISNUMBER('GRT Oriente'!L6:L400))*('GRT Oriente'!L6:L400=A31))*(('GRT Oriente'!K6:K400="INSTALADO - OPERANDO")+('GRT Oriente'!K6:K400="INSTALADO - SIN SEÑAL")>0)) -> 0 | E31: =SUMPRODUCT(((ISNUMBER('GRT Valle de México'!L6:L740))*('GRT Valle de México'!L6:L740=A31))*(('GRT Valle de México'!K6:K740="INSTALADO - OPERANDO")+('GRT Valle de México'!K6:K740="INSTALADO - SIN SEÑAL")>0)) -> 0 | F31: =SUMPRODUCT(((ISNUMBER('GRT Noroeste'!L6:L372))*('GRT Noroeste'!L6:L372=A31))*(('GRT Noroeste'!K6:K372="INSTALADO - OPERANDO")+('GRT Noroeste'!K6:K372="INSTALADO - SIN SEÑAL")>0)) -> 0 | G31: =SUMPRODUCT(((ISNUMBER('GRT Norte'!L6:L296))*('GRT Norte'!L6:L296=A31))*(('GRT Norte'!K6:K296="INSTALADO - OPERANDO")+('GRT Norte'!K6:K296="INSTALADO - SIN SEÑAL")>0)) -> 0 | H31: =SUMPRODUCT(((ISNUMBER('GRT Noreste'!L6:L262))*('GRT Noreste'!L6:L262=A31))*(('GRT Noreste'!K6:K262="INSTALADO - OPERANDO")+('GRT Noreste'!K6:K262="INSTALADO - SIN SEÑAL")>0)) -> 0 | I31: =SUMPRODUCT(((ISNUMBER('GRT Baja California'!L6:L281))*('GRT Baja California'!L6:L281=A31))*(('GRT Baja California'!K6:K281="INSTALADO - OPERANDO")+('GRT Baja California'!K6:K281="INSTALADO - SIN SEÑAL")>0)) -> 0 | J31: =SUM(B31:I31) -> 0 | K31: =K30+J31 -> 166 | L31: =IF(K31=0,"",K31/4230) -> 0.039243499
A32: 46124 | B32: =SUMPRODUCT(((ISNUMBER('GRT Central'!L6:L1135))*('GRT Central'!L6:L1135=A32))*(('GRT Central'!K6:K1135="INSTALADO - OPERANDO")+('GRT Central'!K6:K1135="INSTALADO - SIN SEÑAL")>0)) -> 0 | C32: =SUMPRODUCT(((ISNUMBER('GRT Occidente'!L6:L784))*('GRT Occidente'!L6:L784=A32))*(('GRT Occidente'!K6:K784="INSTALADO - OPERANDO")+('GRT Occidente'!K6:K784="INSTALADO - SIN SEÑAL")>0)) -> 0 | D32: =SUMPRODUCT(((ISNUMBER('GRT Oriente'!L6:L400))*('GRT Oriente'!L6:L400=A32))*(('GRT Oriente'!K6:K400="INSTALADO - OPERANDO")+('GRT Oriente'!K6:K400="INSTALADO - SIN SEÑAL")>0)) -> 0 | E32: =SUMPRODUCT(((ISNUMBER('GRT Valle de México'!L6:L740))*('GRT Valle de México'!L6:L740=A32))*(('GRT Valle de México'!K6:K740="INSTALADO - OPERANDO")+('GRT Valle de México'!K6:K740="INSTALADO - SIN SEÑAL")>0)) -> 0 | F32: =SUMPRODUCT(((ISNUMBER('GRT Noroeste'!L6:L372))*('GRT Noroeste'!L6:L372=A32))*(('GRT Noroeste'!K6:K372="INSTALADO - OPERANDO")+('GRT Noroeste'!K6:K372="INSTALADO - SIN SEÑAL")>0)) -> 0 | G32: =SUMPRODUCT(((ISNUMBER('GRT Norte'!L6:L296))*('GRT Norte'!L6:L296=A32))*(('GRT Norte'!K6:K296="INSTALADO - OPERANDO")+('GRT Norte'!K6:K296="INSTALADO - SIN SEÑAL")>0)) -> 0 | H32: =SUMPRODUCT(((ISNUMBER('GRT Noreste'!L6:L262))*('GRT Noreste'!L6:L262=A32))*(('GRT Noreste'!K6:K262="INSTALADO - OPERANDO")+('GRT Noreste'!K6:K262="INSTALADO - SIN SEÑAL")>0)) -> 0 | I32: =SUMPRODUCT(((ISNUMBER('GRT Baja California'!L6:L281))*('GRT Baja California'!L6:L281=A32))*(('GRT Baja California'!K6:K281="INSTALADO - OPERANDO")+('GRT Baja California'!K6:K281="INSTALADO - SIN SEÑAL")>0)) -> 0 | J32: =SUM(B32:I32) -> 0 | K32: =K31+J32 -> 166 | L32: =IF(K32=0,"",K32/4230) -> 0.039243499
A33: 46125 | B33: =SUMPRODUCT(((ISNUMBER('GRT Central'!L6:L1135))*('GRT Central'!L6:L1135=A33))*(('GRT Central'!K6:K1135="INSTALADO - OPERANDO")+('GRT Central'!K6:K1135="INSTALADO - SIN SEÑAL")>0)) -> 30 | C33: =SUMPRODUCT(((ISNUMBER('GRT Occidente'!L6:L784))*('GRT Occidente'!L6:L784=A33))*(('GRT Occidente'!K6:K784="INSTALADO - OPERANDO")+('GRT Occidente'!K6:K784="INSTALADO - SIN SEÑAL")>0)) -> 0 | D33: =SUMPRODUCT(((ISNUMBER('GRT Oriente'!L6:L400))*('GRT Oriente'!L6:L400=A33))*(('GRT Oriente'!K6:K400="INSTALADO - OPERANDO")+('GRT Oriente'!K6:K400="INSTALADO - SIN SEÑAL")>0)) -> 0 | E33: =SUMPRODUCT(((ISNUMBER('GRT Valle de México'!L6:L740))*('GRT Valle de México'!L6:L740=A33))*(('GRT Valle de México'!K6:K740="INSTALADO - OPERANDO")+('GRT Valle de México'!K6:K740="INSTALADO - SIN SEÑAL")>0)) -> 0 | F33: =SUMPRODUCT(((ISNUMBER('GRT Noroeste'!L6:L372))*('GRT Noroeste'!L6:L372=A33))*(('GRT Noroeste'!K6:K372="INSTALADO - OPERANDO")+('GRT Noroeste'!K6:K372="INSTALADO - SIN SEÑAL")>0)) -> 0 | G33: =SUMPRODUCT(((ISNUMBER('GRT Norte'!L6:L296))*('GRT Norte'!L6:L296=A33))*(('GRT Norte'!K6:K296="INSTALADO - OPERANDO")+('GRT Norte'!K6:K296="INSTALADO - SIN SEÑAL")>0)) -> 0 | H33: =SUMPRODUCT(((ISNUMBER('GRT Noreste'!L6:L262))*('GRT Noreste'!L6:L262=A33))*(('GRT Noreste'!K6:K262="INSTALADO - OPERANDO")+('GRT Noreste'!K6:K262="INSTALADO - SIN SEÑAL")>0)) -> 0 | I33: =SUMPRODUCT(((ISNUMBER('GRT Baja California'!L6:L281))*('GRT Baja California'!L6:L281=A33))*(('GRT Baja California'!K6:K281="INSTALADO - OPERANDO")+('GRT Baja California'!K6:K281="INSTALADO - SIN SEÑAL")>0)) -> 0 | J33: =SUM(B33:I33) -> 30 | K33: =K32+J33 -> 196 | L33: =IF(K33=0,"",K33/4230) -> 0.046335697
A34: 46126 | B34: =SUMPRODUCT(((ISNUMBER('GRT Central'!L6:L1135))*('GRT Central'!L6:L1135=A34))*(('GRT Central'!K6:K1135="INSTALADO - OPERANDO")+('GRT Central'!K6:K1135="INSTALADO - SIN SEÑAL")>0)) -> 22 | C34: =SUMPRODUCT(((ISNUMBER('GRT Occidente'!L6:L784))*('GRT Occidente'!L6:L784=A34))*(('GRT Occidente'!K6:K784="INSTALADO - OPERANDO")+('GRT Occidente'!K6:K784="INSTALADO - SIN SEÑAL")>0)) -> 0 | D34: =SUMPRODUCT(((ISNUMBER('GRT Oriente'!L6:L400))*('GRT Oriente'!L6:L400=A34))*(('GRT Oriente'!K6:K400="INSTALADO - OPERANDO")+('GRT Oriente'!K6:K400="INSTALADO - SIN SEÑAL")>0)) -> 0 | E34: =SUMPRODUCT(((ISNUMBER('GRT Valle de México'!L6:L740))*('GRT Valle de México'!L6:L740=A34))*(('GRT Valle de México'!K6:K740="INSTALADO - OPERANDO")+('GRT Valle de México'!K6:K740="INSTALADO - SIN SEÑAL")>0)) -> 0 | F34: =SUMPRODUCT(((ISNUMBER('GRT Noroeste'!L6:L372))*('GRT Noroeste'!L6:L372=A34))*(('GRT Noroeste'!K6:K372="INSTALADO - OPERANDO")+('GRT Noroeste'!K6:K372="INSTALADO - SIN SEÑAL")>0)) -> 0 | G34: =SUMPRODUCT(((ISNUMBER('GRT Norte'!L6:L296))*('GRT Norte'!L6:L296=A34))*(('GRT Norte'!K6:K296="INSTALADO - OPERANDO")+('GRT Norte'!K6:K296="INSTALADO - SIN SEÑAL")>0)) -> 0 | H34: =SUMPRODUCT(((ISNUMBER('GRT Noreste'!L6:L262))*('GRT Noreste'!L6:L262=A34))*(('GRT Noreste'!K6:K262="INSTALADO - OPERANDO")+('GRT Noreste'!K6:K262="INSTALADO - SIN SEÑAL")>0)) -> 0 | I34: =SUMPRODUCT(((ISNUMBER('GRT Baja California'!L6:L281))*('GRT Baja California'!L6:L281=A34))*(('GRT Baja California'!K6:K281="INSTALADO - OPERANDO")+('GRT Baja California'!K6:K281="INSTALADO - SIN SEÑAL")>0)) -> 0 | J34: =SUM(B34:I34) -> 22 | K34: =K33+J34 -> 218 | L34: =IF(K34=0,"",K34/4230) -> 0.051536643
A35: 46127 | B35: =SUMPRODUCT(((ISNUMBER('GRT Central'!L6:L1135))*('GRT Central'!L6:L1135=A35))*(('GRT Central'!K6:K1135="INSTALADO - OPERANDO")+('GRT Central'!K6:K1135="INSTALADO - SIN SEÑAL")>0)) -> 20 | C35: =SUMPRODUCT(((ISNUMBER('GRT Occidente'!L6:L784))*('GRT Occidente'!L6:L784=A35))*(('GRT Occidente'!K6:K784="INSTALADO - OPERANDO")+('GRT Occidente'!K6:K784="INSTALADO - SIN SEÑAL")>0)) -> 0 | D35: =SUMPRODUCT(((ISNUMBER('GRT Oriente'!L6:L400))*('GRT Oriente'!L6:L400=A35))*(('GRT Oriente'!K6:K400="INSTALADO - OPERANDO")+('GRT Oriente'!K6:K400="INSTALADO - SIN SEÑAL")>0)) -> 0 | E35: =SUMPRODUCT(((ISNUMBER('GRT Valle de México'!L6:L740))*('GRT Valle de México'!L6:L740=A35))*(('GRT Valle de México'!K6:K740="INSTALADO - OPERANDO")+('GRT Valle de México'!K6:K740="INSTALADO - SIN SEÑAL")>0)) -> 0 | F35: =SUMPRODUCT(((ISNUMBER('GRT Noroeste'!L6:L372))*('GRT Noroeste'!L6:L372=A35))*(('GRT Noroeste'!K6:K372="INSTALADO - OPERANDO")+('GRT Noroeste'!K6:K372="INSTALADO - SIN SEÑAL")>0)) -> 0 | G35: =SUMPRODUCT(((ISNUMBER('GRT Norte'!L6:L296))*('GRT Norte'!L6:L296=A35))*(('GRT Norte'!K6:K296="INSTALADO - OPERANDO")+('GRT Norte'!K6:K296="INSTALADO - SIN SEÑAL")>0)) -> 0 | H35: =SUMPRODUCT(((ISNUMBER('GRT Noreste'!L6:L262))*('GRT Noreste'!L6:L262=A35))*(('GRT Noreste'!K6:K262="INSTALADO - OPERANDO")+('GRT Noreste'!K6:K262="INSTALADO - SIN SEÑAL")>0)) -> 0 | I35: =SUMPRODUCT(((ISNUMBER('GRT Baja California'!L6:L281))*('GRT Baja California'!L6:L281=A35))*(('GRT Baja California'!K6:K281="INSTALADO - OPERANDO")+('GRT Baja California'!K6:K281="INSTALADO - SIN SEÑAL")>0)) -> 0 | J35: =SUM(B35:I35) -> 20 | K35: =K34+J35 -> 238 | L35: =IF(K35=0,"",K35/4230) -> 0.056264775
A36: 46128 | B36: =SUMPRODUCT(((ISNUMBER('GRT Central'!L6:L1135))*('GRT Central'!L6:L1135=A36))*(('GRT Central'!K6:K1135="INSTALADO - OPERANDO")+('GRT Central'!K6:K1135="INSTALADO - SIN SEÑAL")>0)) -> 14 | C36: =SUMPRODUCT(((ISNUMBER('GRT Occidente'!L6:L784))*('GRT Occidente'!L6:L784=A36))*(('GRT Occidente'!K6:K784="INSTALADO - OPERANDO")+('GRT Occidente'!K6:K784="INSTALADO - SIN SEÑAL")>0)) -> 0 | D36: =SUMPRODUCT(((ISNUMBER('GRT Oriente'!L6:L400))*('GRT Oriente'!L6:L400=A36))*(('GRT Oriente'!K6:K400="INSTALADO - OPERANDO")+('GRT Oriente'!K6:K400="INSTALADO - SIN SEÑAL")>0)) -> 0 | E36: =SUMPRODUCT(((ISNUMBER('GRT Valle de México'!L6:L740))*('GRT Valle de México'!L6:L740=A36))*(('GRT Valle de México'!K6:K740="INSTALADO - OPERANDO")+('GRT Valle de México'!K6:K740="INSTALADO - SIN SEÑAL")>0)) -> 0 | F36: =SUMPRODUCT(((ISNUMBER('GRT Noroeste'!L6:L372))*('GRT Noroeste'!L6:L372=A36))*(('GRT Noroeste'!K6:K372="INSTALADO - OPERANDO")+('GRT Noroeste'!K6:K372="INSTALADO - SIN SEÑAL")>0)) -> 0 | G36: =SUMPRODUCT(((ISNUMBER('GRT Norte'!L6:L296))*('GRT Norte'!L6:L296=A36))*(('GRT Norte'!K6:K296="INSTALADO - OPERANDO")+('GRT Norte'!K6:K296="INSTALADO - SIN SEÑAL")>0)) -> 0 | H36: =SUMPRODUCT(((ISNUMBER('GRT Noreste'!L6:L262))*('GRT Noreste'!L6:L262=A36))*(('GRT Noreste'!K6:K262="INSTALADO - OPERANDO")+('GRT Noreste'!K6:K262="INSTALADO - SIN SEÑAL")>0)) -> 0 | I36: =SUMPRODUCT(((ISNUMBER('GRT Baja California'!L6:L281))*('GRT Baja California'!L6:L281=A36))*(('GRT Baja California'!K6:K281="INSTALADO - OPERANDO")+('GRT Baja California'!K6:K281="INSTALADO - SIN SEÑAL")>0)) -> 0 | J36: =SUM(B36:I36) -> 14 | K36: =K35+J36 -> 252 | L36: =IF(K36=0,"",K36/4230) -> 0.059574468
A37: 46129 | B37: =SUMPRODUCT(((ISNUMBER('GRT Central'!L6:L1135))*('GRT Central'!L6:L1135=A37))*(('GRT Central'!K6:K1135="INSTALADO - OPERANDO")+('GRT Central'!K6:K1135="INSTALADO - SIN SEÑAL")>0)) -> 19 | C37: =SUMPRODUCT(((ISNUMBER('GRT Occidente'!L6:L784))*('GRT Occidente'!L6:L784=A37))*(('GRT Occidente'!K6:K784="INSTALADO - OPERANDO")+('GRT Occidente'!K6:K784="INSTALADO - SIN SEÑAL")>0)) -> 0 | D37: =SUMPRODUCT(((ISNUMBER('GRT Oriente'!L6:L400))*('GRT Oriente'!L6:L400=A37))*(('GRT Oriente'!K6:K400="INSTALADO - OPERANDO")+('GRT Oriente'!K6:K400="INSTALADO - SIN SEÑAL")>0)) -> 0 | E37: =SUMPRODUCT(((ISNUMBER('GRT Valle de México'!L6:L740))*('GRT Valle de México'!L6:L740=A37))*(('GRT Valle de México'!K6:K740="INSTALADO - OPERANDO")+('GRT Valle de México'!K6:K740="INSTALADO - SIN SEÑAL")>0)) -> 0 | F37: =SUMPRODUCT(((ISNUMBER('GRT Noroeste'!L6:L372))*('GRT Noroeste'!L6:L372=A37))*(('GRT Noroeste'!K6:K372="INSTALADO - OPERANDO")+('GRT Noroeste'!K6:K372="INSTALADO - SIN SEÑAL")>0)) -> 0 | G37: =SUMPRODUCT(((ISNUMBER('GRT Norte'!L6:L296))*('GRT Norte'!L6:L296=A37))*(('GRT Norte'!K6:K296="INSTALADO - OPERANDO")+('GRT Norte'!K6:K296="INSTALADO - SIN SEÑAL")>0)) -> 0 | H37: =SUMPRODUCT(((ISNUMBER('GRT Noreste'!L6:L262))*('GRT Noreste'!L6:L262=A37))*(('GRT Noreste'!K6:K262="INSTALADO - OPERANDO")+('GRT Noreste'!K6:K262="INSTALADO - SIN SEÑAL")>0)) -> 0 | I37: =SUMPRODUCT(((ISNUMBER('GRT Baja California'!L6:L281))*('GRT Baja California'!L6:L281=A37))*(('GRT Baja California'!K6:K281="INSTALADO - OPERANDO")+('GRT Baja California'!K6:K281="INSTALADO - SIN SEÑAL")>0)) -> 0 | J37: =SUM(B37:I37) -> 19 | K37: =K36+J37 -> 271 | L37: =IF(K37=0,"",K37/4230) -> 0.064066194
A38: 46130 | B38: =SUMPRODUCT(((ISNUMBER('GRT Central'!L6:L1135))*('GRT Central'!L6:L1135=A38))*(('GRT Central'!K6:K1135="INSTALADO - OPERANDO")+('GRT Central'!K6:K1135="INSTALADO - SIN SEÑAL")>0)) -> 0 | C38: =SUMPRODUCT(((ISNUMBER('GRT Occidente'!L6:L784))*('GRT Occidente'!L6:L784=A38))*(('GRT Occidente'!K6:K784="INSTALADO - OPERANDO")+('GRT Occidente'!K6:K784="INSTALADO - SIN SEÑAL")>0)) -> 0 | D38: =SUMPRODUCT(((ISNUMBER('GRT Oriente'!L6:L400))*('GRT Oriente'!L6:L400=A38))*(('GRT Oriente'!K6:K400="INSTALADO - OPERANDO")+('GRT Oriente'!K6:K400="INSTALADO - SIN SEÑAL")>0)) -> 0 | E38: =SUMPRODUCT(((ISNUMBER('GRT Valle de México'!L6:L740))*('GRT Valle de México'!L6:L740=A38))*(('GRT Valle de México'!K6:K740="INSTALADO - OPERANDO")+('GRT Valle de México'!K6:K740="INSTALADO - SIN SEÑAL")>0)) -> 0 | F38: =SUMPRODUCT(((ISNUMBER('GRT Noroeste'!L6:L372))*('GRT Noroeste'!L6:L372=A38))*(('GRT Noroeste'!K6:K372="INSTALADO - OPERANDO")+('GRT Noroeste'!K6:K372="INSTALADO - SIN SEÑAL")>0)) -> 0 | G38: =SUMPRODUCT(((ISNUMBER('GRT Norte'!L6:L296))*('GRT Norte'!L6:L296=A38))*(('GRT Norte'!K6:K296="INSTALADO - OPERANDO")+('GRT Norte'!K6:K296="INSTALADO - SIN SEÑAL")>0)) -> 0 | H38: =SUMPRODUCT(((ISNUMBER('GRT Noreste'!L6:L262))*('GRT Noreste'!L6:L262=A38))*(('GRT Noreste'!K6:K262="INSTALADO - OPERANDO")+('GRT Noreste'!K6:K262="INSTALADO - SIN SEÑAL")>0)) -> 0 | I38: =SUMPRODUCT(((ISNUMBER('GRT Baja California'!L6:L281))*('GRT Baja California'!L6:L281=A38))*(('GRT Baja California'!K6:K281="INSTALADO - OPERANDO")+('GRT Baja California'!K6:K281="INSTALADO - SIN SEÑAL")>0)) -> 0 | J38: =SUM(B38:I38) -> 0 | K38: =K37+J38 -> 271 | L38: =IF(K38=0,"",K38/4230) -> 0.064066194
A39: 46131 | B39: =SUMPRODUCT(((ISNUMBER('GRT Central'!L6:L1135))*('GRT Central'!L6:L1135=A39))*(('GRT Central'!K6:K1135="INSTALADO - OPERANDO")+('GRT Central'!K6:K1135="INSTALADO - SIN SEÑAL")>0)) -> 0 | C39: =SUMPRODUCT(((ISNUMBER('GRT Occidente'!L6:L784))*('GRT Occidente'!L6:L784=A39))*(('GRT Occidente'!K6:K784="INSTALADO - OPERANDO")+('GRT Occidente'!K6:K784="INSTALADO - SIN SEÑAL")>0)) -> 0 | D39: =SUMPRODUCT(((ISNUMBER('GRT Oriente'!L6:L400))*('GRT Oriente'!L6:L400=A39))*(('GRT Oriente'!K6:K400="INSTALADO - OPERANDO")+('GRT Oriente'!K6:K400="INSTALADO - SIN SEÑAL")>0)) -> 0 | E39: =SUMPRODUCT(((ISNUMBER('GRT Valle de México'!L6:L740))*('GRT Valle de México'!L6:L740=A39))*(('GRT Valle de México'!K6:K740="INSTALADO - OPERANDO")+('GRT Valle de México'!K6:K740="INSTALADO - SIN SEÑAL")>0)) -> 0 | F39: =SUMPRODUCT(((ISNUMBER('GRT Noroeste'!L6:L372))*('GRT Noroeste'!L6:L372=A39))*(('GRT Noroeste'!K6:K372="INSTALADO - OPERANDO")+('GRT Noroeste'!K6:K372="INSTALADO - SIN SEÑAL")>0)) -> 0 | G39: =SUMPRODUCT(((ISNUMBER('GRT Norte'!L6:L296))*('GRT Norte'!L6:L296=A39))*(('GRT Norte'!K6:K296="INSTALADO - OPERANDO")+('GRT Norte'!K6:K296="INSTALADO - SIN SEÑAL")>0)) -> 0 | H39: =SUMPRODUCT(((ISNUMBER('GRT Noreste'!L6:L262))*('GRT Noreste'!L6:L262=A39))*(('GRT Noreste'!K6:K262="INSTALADO - OPERANDO")+('GRT Noreste'!K6:K262="INSTALADO - SIN SEÑAL")>0)) -> 0 | I39: =SUMPRODUCT(((ISNUMBER('GRT Baja California'!L6:L281))*('GRT Baja California'!L6:L281=A39))*(('GRT Baja California'!K6:K281="INSTALADO - OPERANDO")+('GRT Baja California'!K6:K281="INSTALADO - SIN SEÑAL")>0)) -> 0 | J39: =SUM(B39:I39) -> 0 | K39: =K38+J39 -> 271 | L39: =IF(K39=0,"",K39/4230) -> 0.064066194
A40: 46132 | B40: =SUMPRODUCT(((ISNUMBER('GRT Central'!L6:L1135))*('GRT Central'!L6:L1135=A40))*(('GRT Central'!K6:K1135="INSTALADO - OPERANDO")+('GRT Central'!K6:K1135="INSTALADO - SIN SEÑAL")>0)) -> 20 | C40: =SUMPRODUCT(((ISNUMBER('GRT Occidente'!L6:L784))*('GRT Occidente'!L6:L784=A40))*(('GRT Occidente'!K6:K784="INSTALADO - OPERANDO")+('GRT Occidente'!K6:K784="INSTALADO - SIN SEÑAL")>0)) -> 0 | D40: =SUMPRODUCT(((ISNUMBER('GRT Oriente'!L6:L400))*('GRT Oriente'!L6:L400=A40))*(('GRT Oriente'!K6:K400="INSTALADO - OPERANDO")+('GRT Oriente'!K6:K400="INSTALADO - SIN SEÑAL")>0)) -> 0 | E40: =SUMPRODUCT(((ISNUMBER('GRT Valle de México'!L6:L740))*('GRT Valle de México'!L6:L740=A40))*(('GRT Valle de México'!K6:K740="INSTALADO - OPERANDO")+('GRT Valle de México'!K6:K740="INSTALADO - SIN SEÑAL")>0)) -> 0 | F40: =SUMPRODUCT(((ISNUMBER('GRT Noroeste'!L6:L372))*('GRT Noroeste'!L6:L372=A40))*(('GRT Noroeste'!K6:K372="INSTALADO - OPERANDO")+('GRT Noroeste'!K6:K372="INSTALADO - SIN SEÑAL")>0)) -> 0 | G40: =SUMPRODUCT(((ISNUMBER('GRT Norte'!L6:L296))*('GRT Norte'!L6:L296=A40))*(('GRT Norte'!K6:K296="INSTALADO - OPERANDO")+('GRT Norte'!K6:K296="INSTALADO - SIN SEÑAL")>0)) -> 0 | H40: =SUMPRODUCT(((ISNUMBER('GRT Noreste'!L6:L262))*('GRT Noreste'!L6:L262=A40))*(('GRT Noreste'!K6:K262="INSTALADO - OPERANDO")+('GRT Noreste'!K6:K262="INSTALADO - SIN SEÑAL")>0)) -> 0 | I40: =SUMPRODUCT(((ISNUMBER('GRT Baja California'!L6:L281))*('GRT Baja California'!L6:L281=A40))*(('GRT Baja California'!K6:K281="INSTALADO - OPERANDO")+('GRT Baja California'!K6:K281="INSTALADO - SIN SEÑAL")>0)) -> 0 | J40: =SUM(B40:I40) -> 20 | K40: =K39+J40 -> 291 | L40: =IF(K40=0,"",K40/4230) -> 0.068794326
A41: 46133 | B41: =SUMPRODUCT(((ISNUMBER('GRT Central'!L6:L1135))*('GRT Central'!L6:L1135=A41))*(('GRT Central'!K6:K1135="INSTALADO - OPERANDO")+('GRT Central'!K6:K1135="INSTALADO - SIN SEÑAL")>0)) -> 18 | C41: =SUMPRODUCT(((ISNUMBER('GRT Occidente'!L6:L784))*('GRT Occidente'!L6:L784=A41))*(('GRT Occidente'!K6:K784="INSTALADO - OPERANDO")+('GRT Occidente'!K6:K784="INSTALADO - SIN SEÑAL")>0)) -> 0 | D41: =SUMPRODUCT(((ISNUMBER('GRT Oriente'!L6:L400))*('GRT Oriente'!L6:L400=A41))*(('GRT Oriente'!K6:K400="INSTALADO - OPERANDO")+('GRT Oriente'!K6:K400="INSTALADO - SIN SEÑAL")>0)) -> 0 | E41: =SUMPRODUCT(((ISNUMBER('GRT Valle de México'!L6:L740))*('GRT Valle de México'!L6:L740=A41))*(('GRT Valle de México'!K6:K740="INSTALADO - OPERANDO")+('GRT Valle de México'!K6:K740="INSTALADO - SIN SEÑAL")>0)) -> 0 | F41: =SUMPRODUCT(((ISNUMBER('GRT Noroeste'!L6:L372))*('GRT Noroeste'!L6:L372=A41))*(('GRT Noroeste'!K6:K372="INSTALADO - OPERANDO")+('GRT Noroeste'!K6:K372="INSTALADO - SIN SEÑAL")>0)) -> 0 | G41: =SUMPRODUCT(((ISNUMBER('GRT Norte'!L6:L296))*('GRT Norte'!L6:L296=A41))*(('GRT Norte'!K6:K296="INSTALADO - OPERANDO")+('GRT Norte'!K6:K296="INSTALADO - SIN SEÑAL")>0)) -> 0 | H41: =SUMPRODUCT(((ISNUMBER('GRT Noreste'!L6:L262))*('GRT Noreste'!L6:L262=A41))*(('GRT Noreste'!K6:K262="INSTALADO - OPERANDO")+('GRT Noreste'!K6:K262="INSTALADO - SIN SEÑAL")>0)) -> 0 | I41: =SUMPRODUCT(((ISNUMBER('GRT Baja California'!L6:L281))*('GRT Baja California'!L6:L281=A41))*(('GRT Baja California'!K6:K281="INSTALADO - OPERANDO")+('GRT Baja California'!K6:K281="INSTALADO - SIN SEÑAL")>0)) -> 0 | J41: =SUM(B41:I41) -> 18 | K41: =K40+J41 -> 309 | L41: =IF(K41=0,"",K41/4230) -> 0.073049645
A42: 46134 | B42: =SUMPRODUCT(((ISNUMBER('GRT Central'!L6:L1135))*('GRT Central'!L6:L1135=A42))*(('GRT Central'!K6:K1135="INSTALADO - OPERANDO")+('GRT Central'!K6:K1135="INSTALADO - SIN SEÑAL")>0)) -> 17 | C42: =SUMPRODUCT(((ISNUMBER('GRT Occidente'!L6:L784))*('GRT Occidente'!L6:L784=A42))*(('GRT Occidente'!K6:K784="INSTALADO - OPERANDO")+('GRT Occidente'!K6:K784="INSTALADO - SIN SEÑAL")>0)) -> 0 | D42: =SUMPRODUCT(((ISNUMBER('GRT Oriente'!L6:L400))*('GRT Oriente'!L6:L400=A42))*(('GRT Oriente'!K6:K400="INSTALADO - OPERANDO")+('GRT Oriente'!K6:K400="INSTALADO - SIN SEÑAL")>0)) -> 0 | E42: =SUMPRODUCT(((ISNUMBER('GRT Valle de México'!L6:L740))*('GRT Valle de México'!L6:L740=A42))*(('GRT Valle de México'!K6:K740="INSTALADO - OPERANDO")+('GRT Valle de México'!K6:K740="INSTALADO - SIN SEÑAL")>0)) -> 3 | F42: =SUMPRODUCT(((ISNUMBER('GRT Noroeste'!L6:L372))*('GRT Noroeste'!L6:L372=A42))*(('GRT Noroeste'!K6:K372="INSTALADO - OPERANDO")+('GRT Noroeste'!K6:K372="INSTALADO - SIN SEÑAL")>0)) -> 0 | G42: =SUMPRODUCT(((ISNUMBER('GRT Norte'!L6:L296))*('GRT Norte'!L6:L296=A42))*(('GRT Norte'!K6:K296="INSTALADO - OPERANDO")+('GRT Norte'!K6:K296="INSTALADO - SIN SEÑAL")>0)) -> 0 | H42: =SUMPRODUCT(((ISNUMBER('GRT Noreste'!L6:L262))*('GRT Noreste'!L6:L262=A42))*(('GRT Noreste'!K6:K262="INSTALADO - OPERANDO")+('GRT Noreste'!K6:K262="INSTALADO - SIN SEÑAL")>0)) -> 0 | I42: =SUMPRODUCT(((ISNUMBER('GRT Baja California'!L6:L281))*('GRT Baja California'!L6:L281=A42))*(('GRT Baja California'!K6:K281="INSTALADO - OPERANDO")+('GRT Baja California'!K6:K281="INSTALADO - SIN SEÑAL")>0)) -> 0 | J42: =SUM(B42:I42) -> 20 | K42: =K41+J42 -> 329 | L42: =IF(K42=0,"",K42/4230) -> 0.077777778
A43: 46135 | B43: =SUMPRODUCT(((ISNUMBER('GRT Central'!L6:L1135))*('GRT Central'!L6:L1135=A43))*(('GRT Central'!K6:K1135="INSTALADO - OPERANDO")+('GRT Central'!K6:K1135="INSTALADO - SIN SEÑAL")>0)) -> 17 | C43: =SUMPRODUCT(((ISNUMBER('GRT Occidente'!L6:L784))*('GRT Occidente'!L6:L784=A43))*(('GRT Occidente'!K6:K784="INSTALADO - OPERANDO")+('GRT Occidente'!K6:K784="INSTALADO - SIN SEÑAL")>0)) -> 0 | D43: =SUMPRODUCT(((ISNUMBER('GRT Oriente'!L6:L400))*('GRT Oriente'!L6:L400=A43))*(('GRT Oriente'!K6:K400="INSTALADO - OPERANDO")+('GRT Oriente'!K6:K400="INSTALADO - SIN SEÑAL")>0)) -> 0 | E43: =SUMPRODUCT(((ISNUMBER('GRT Valle de México'!L6:L740))*('GRT Valle de México'!L6:L740=A43))*(('GRT Valle de México'!K6:K740="INSTALADO - OPERANDO")+('GRT Valle de México'!K6:K740="INSTALADO - SIN SEÑAL")>0)) -> 1 | F43: =SUMPRODUCT(((ISNUMBER('GRT Noroeste'!L6:L372))*('GRT Noroeste'!L6:L372=A43))*(('GRT Noroeste'!K6:K372="INSTALADO - OPERANDO")+('GRT Noroeste'!K6:K372="INSTALADO - SIN SEÑAL")>0)) -> 0 | G43: =SUMPRODUCT(((ISNUMBER('GRT Norte'!L6:L296))*('GRT Norte'!L6:L296=A43))*(('GRT Norte'!K6:K296="INSTALADO - OPERANDO")+('GRT Norte'!K6:K296="INSTALADO - SIN SEÑAL")>0)) -> 0 | H43: =SUMPRODUCT(((ISNUMBER('GRT Noreste'!L6:L262))*('GRT Noreste'!L6:L262=A43))*(('GRT Noreste'!K6:K262="INSTALADO - OPERANDO")+('GRT Noreste'!K6:K262="INSTALADO - SIN SEÑAL")>0)) -> 0 | I43: =SUMPRODUCT(((ISNUMBER('GRT Baja California'!L6:L281))*('GRT Baja California'!L6:L281=A43))*(('GRT Baja California'!K6:K281="INSTALADO - OPERANDO")+('GRT Baja California'!K6:K281="INSTALADO - SIN SEÑAL")>0)) -> 0 | J43: =SUM(B43:I43) -> 18 | K43: =K42+J43 -> 347 | L43: =IF(K43=0,"",K43/4230) -> 0.082033097
A44: 46136 | B44: =SUMPRODUCT(((ISNUMBER('GRT Central'!L6:L1135))*('GRT Central'!L6:L1135=A44))*(('GRT Central'!K6:K1135="INSTALADO - OPERANDO")+('GRT Central'!K6:K1135="INSTALADO - SIN SEÑAL")>0)) -> 12 | C44: =SUMPRODUCT(((ISNUMBER('GRT Occidente'!L6:L784))*('GRT Occidente'!L6:L784=A44))*(('GRT Occidente'!K6:K784="INSTALADO - OPERANDO")+('GRT Occidente'!K6:K784="INSTALADO - SIN SEÑAL")>0)) -> 0 | D44: =SUMPRODUCT(((ISNUMBER('GRT Oriente'!L6:L400))*('GRT Oriente'!L6:L400=A44))*(('GRT Oriente'!K6:K400="INSTALADO - OPERANDO")+('GRT Oriente'!K6:K400="INSTALADO - SIN SEÑAL")>0)) -> 0 | E44: =SUMPRODUCT(((ISNUMBER('GRT Valle de México'!L6:L740))*('GRT Valle de México'!L6:L740=A44))*(('GRT Valle de México'!K6:K740="INSTALADO - OPERANDO")+('GRT Valle de México'!K6:K740="INSTALADO - SIN SEÑAL")>0)) -> 0 | F44: =SUMPRODUCT(((ISNUMBER('GRT Noroeste'!L6:L372))*('GRT Noroeste'!L6:L372=A44))*(('GRT Noroeste'!K6:K372="INSTALADO - OPERANDO")+('GRT Noroeste'!K6:K372="INSTALADO - SIN SEÑAL")>0)) -> 0 | G44: =SUMPRODUCT(((ISNUMBER('GRT Norte'!L6:L296))*('GRT Norte'!L6:L296=A44))*(('GRT Norte'!K6:K296="INSTALADO - OPERANDO")+('GRT Norte'!K6:K296="INSTALADO - SIN SEÑAL")>0)) -> 0 | H44: =SUMPRODUCT(((ISNUMBER('GRT Noreste'!L6:L262))*('GRT Noreste'!L6:L262=A44))*(('GRT Noreste'!K6:K262="INSTALADO - OPERANDO")+('GRT Noreste'!K6:K262="INSTALADO - SIN SEÑAL")>0)) -> 0 | I44: =SUMPRODUCT(((ISNUMBER('GRT Baja California'!L6:L281))*('GRT Baja California'!L6:L281=A44))*(('GRT Baja California'!K6:K281="INSTALADO - OPERANDO")+('GRT Baja California'!K6:K281="INSTALADO - SIN SEÑAL")>0)) -> 0 | J44: =SUM(B44:I44) -> 12 | K44: =K43+J44 -> 359 | L44: =IF(K44=0,"",K44/4230) -> 0.084869976
A45: 46137 | B45: =SUMPRODUCT(((ISNUMBER('GRT Central'!L6:L1135))*('GRT Central'!L6:L1135=A45))*(('GRT Central'!K6:K1135="INSTALADO - OPERANDO")+('GRT Central'!K6:K1135="INSTALADO - SIN SEÑAL")>0)) -> 0 | C45: =SUMPRODUCT(((ISNUMBER('GRT Occidente'!L6:L784))*('GRT Occidente'!L6:L784=A45))*(('GRT Occidente'!K6:K784="INSTALADO - OPERANDO")+('GRT Occidente'!K6:K784="INSTALADO - SIN SEÑAL")>0)) -> 0 | D45: =SUMPRODUCT(((ISNUMBER('GRT Oriente'!L6:L400))*('GRT Oriente'!L6:L400=A45))*(('GRT Oriente'!K6:K400="INSTALADO - OPERANDO")+('GRT Oriente'!K6:K400="INSTALADO - SIN SEÑAL")>0)) -> 0 | E45: =SUMPRODUCT(((ISNUMBER('GRT Valle de México'!L6:L740))*('GRT Valle de México'!L6:L740=A45))*(('GRT Valle de México'!K6:K740="INSTALADO - OPERANDO")+('GRT Valle de México'!K6:K740="INSTALADO - SIN SEÑAL")>0)) -> 0 | F45: =SUMPRODUCT(((ISNUMBER('GRT Noroeste'!L6:L372))*('GRT Noroeste'!L6:L372=A45))*(('GRT Noroeste'!K6:K372="INSTALADO - OPERANDO")+('GRT Noroeste'!K6:K372="INSTALADO - SIN SEÑAL")>0)) -> 0 | G45: =SUMPRODUCT(((ISNUMBER('GRT Norte'!L6:L296))*('GRT Norte'!L6:L296=A45))*(('GRT Norte'!K6:K296="INSTALADO - OPERANDO")+('GRT Norte'!K6:K296="INSTALADO - SIN SEÑAL")>0)) -> 0 | H45: =SUMPRODUCT(((ISNUMBER('GRT Noreste'!L6:L262))*('GRT Noreste'!L6:L262=A45))*(('GRT Noreste'!K6:K262="INSTALADO - OPERANDO")+('GRT Noreste'!K6:K262="INSTALADO - SIN SEÑAL")>0)) -> 0 | I45: =SUMPRODUCT(((ISNUMBER('GRT Baja California'!L6:L281))*('GRT Baja California'!L6:L281=A45))*(('GRT Baja California'!K6:K281="INSTALADO - OPERANDO")+('GRT Baja California'!K6:K281="INSTALADO - SIN SEÑAL")>0)) -> 0 | J45: =SUM(B45:I45) -> 0 | K45: =K44+J45 -> 359 | L45: =IF(K45=0,"",K45/4230) -> 0.084869976
A46: 46138 | B46: =SUMPRODUCT(((ISNUMBER('GRT Central'!L6:L1135))*('GRT Central'!L6:L1135=A46))*(('GRT Central'!K6:K1135="INSTALADO - OPERANDO")+('GRT Central'!K6:K1135="INSTALADO - SIN SEÑAL")>0)) -> 0 | C46: =SUMPRODUCT(((ISNUMBER('GRT Occidente'!L6:L784))*('GRT Occidente'!L6:L784=A46))*(('GRT Occidente'!K6:K784="INSTALADO - OPERANDO")+('GRT Occidente'!K6:K784="INSTALADO - SIN SEÑAL")>0)) -> 0 | D46: =SUMPRODUCT(((ISNUMBER('GRT Oriente'!L6:L400))*('GRT Oriente'!L6:L400=A46))*(('GRT Oriente'!K6:K400="INSTALADO - OPERANDO")+('GRT Oriente'!K6:K400="INSTALADO - SIN SEÑAL")>0)) -> 0 | E46: =SUMPRODUCT(((ISNUMBER('GRT Valle de México'!L6:L740))*('GRT Valle de México'!L6:L740=A46))*(('GRT Valle de México'!K6:K740="INSTALADO - OPERANDO")+('GRT Valle de México'!K6:K740="INSTALADO - SIN SEÑAL")>0)) -> 0 | F46: =SUMPRODUCT(((ISNUMBER('GRT Noroeste'!L6:L372))*('GRT Noroeste'!L6:L372=A46))*(('GRT Noroeste'!K6:K372="INSTALADO - OPERANDO")+('GRT Noroeste'!K6:K372="INSTALADO - SIN SEÑAL")>0)) -> 0 | G46: =SUMPRODUCT(((ISNUMBER('GRT Norte'!L6:L296))*('GRT Norte'!L6:L296=A46))*(('GRT Norte'!K6:K296="INSTALADO - OPERANDO")+('GRT Norte'!K6:K296="INSTALADO - SIN SEÑAL")>0)) -> 0 | H46: =SUMPRODUCT(((ISNUMBER('GRT Noreste'!L6:L262))*('GRT Noreste'!L6:L262=A46))*(('GRT Noreste'!K6:K262="INSTALADO - OPERANDO")+('GRT Noreste'!K6:K262="INSTALADO - SIN SEÑAL")>0)) -> 0 | I46: =SUMPRODUCT(((ISNUMBER('GRT Baja California'!L6:L281))*('GRT Baja California'!L6:L281=A46))*(('GRT Baja California'!K6:K281="INSTALADO - OPERANDO")+('GRT Baja California'!K6:K281="INSTALADO - SIN SEÑAL")>0)) -> 0 | J46: =SUM(B46:I46) -> 0 | K46: =K45+J46 -> 359 | L46: =IF(K46=0,"",K46/4230) -> 0.084869976
A47: 46139 | B47: =SUMPRODUCT(((ISNUMBER('GRT Central'!L6:L1135))*('GRT Central'!L6:L1135=A47))*(('GRT Central'!K6:K1135="INSTALADO - OPERANDO")+('GRT Central'!K6:K1135="INSTALADO - SIN SEÑAL")>0)) -> 30 | C47: =SUMPRODUCT(((ISNUMBER('GRT Occidente'!L6:L784))*('GRT Occidente'!L6:L784=A47))*(('GRT Occidente'!K6:K784="INSTALADO - OPERANDO")+('GRT Occidente'!K6:K784="INSTALADO - SIN SEÑAL")>0)) -> 0 | D47: =SUMPRODUCT(((ISNUMBER('GRT Oriente'!L6:L400))*('GRT Oriente'!L6:L400=A47))*(('GRT Oriente'!K6:K400="INSTALADO - OPERANDO")+('GRT Oriente'!K6:K400="INSTALADO - SIN SEÑAL")>0)) -> 1 | E47: =SUMPRODUCT(((ISNUMBER('GRT Valle de México'!L6:L740))*('GRT Valle de México'!L6:L740=A47))*(('GRT Valle de México'!K6:K740="INSTALADO - OPERANDO")+('GRT Valle de México'!K6:K740="INSTALADO - SIN SEÑAL")>0)) -> 1 | F47: =SUMPRODUCT(((ISNUMBER('GRT Noroeste'!L6:L372))*('GRT Noroeste'!L6:L372=A47))*(('GRT Noroeste'!K6:K372="INSTALADO - OPERANDO")+('GRT Noroeste'!K6:K372="INSTALADO - SIN SEÑAL")>0)) -> 0 | G47: =SUMPRODUCT(((ISNUMBER('GRT Norte'!L6:L296))*('GRT Norte'!L6:L296=A47))*(('GRT Norte'!K6:K296="INSTALADO - OPERANDO")+('GRT Norte'!K6:K296="INSTALADO - SIN SEÑAL")>0)) -> 0 | H47: =SUMPRODUCT(((ISNUMBER('GRT Noreste'!L6:L262))*('GRT Noreste'!L6:L262=A47))*(('GRT Noreste'!K6:K262="INSTALADO - OPERANDO")+('GRT Noreste'!K6:K262="INSTALADO - SIN SEÑAL")>0)) -> 0 | I47: =SUMPRODUCT(((ISNUMBER('GRT Baja California'!L6:L281))*('GRT Baja California'!L6:L281=A47))*(('GRT Baja California'!K6:K281="INSTALADO - OPERANDO")+('GRT Baja California'!K6:K281="INSTALADO - SIN SEÑAL")>0)) -> 0 | J47: =SUM(B47:I47) -> 32 | K47: =K46+J47 -> 391 | L47: =IF(K47=0,"",K47/4230) -> 0.092434988
A48: 46140 | B48: =SUMPRODUCT(((ISNUMBER('GRT Central'!L6:L1135))*('GRT Central'!L6:L1135=A48))*(('GRT Central'!K6:K1135="INSTALADO - OPERANDO")+('GRT Central'!K6:K1135="INSTALADO - SIN SEÑAL")>0)) -> 51 | C48: =SUMPRODUCT(((ISNUMBER('GRT Occidente'!L6:L784))*('GRT Occidente'!L6:L784=A48))*(('GRT Occidente'!K6:K784="INSTALADO - OPERANDO")+('GRT Occidente'!K6:K784="INSTALADO - SIN SEÑAL")>0)) -> 1 | D48: =SUMPRODUCT(((ISNUMBER('GRT Oriente'!L6:L400))*('GRT Oriente'!L6:L400=A48))*(('GRT Oriente'!K6:K400="INSTALADO - OPERANDO")+('GRT Oriente'!K6:K400="INSTALADO - SIN SEÑAL")>0)) -> 0 | E48: =SUMPRODUCT(((ISNUMBER('GRT Valle de México'!L6:L740))*('GRT Valle de México'!L6:L740=A48))*(('GRT Valle de México'!K6:K740="INSTALADO - OPERANDO")+('GRT Valle de México'!K6:K740="INSTALADO - SIN SEÑAL")>0)) -> 4 | F48: =SUMPRODUCT(((ISNUMBER('GRT Noroeste'!L6:L372))*('GRT Noroeste'!L6:L372=A48))*(('GRT Noroeste'!K6:K372="INSTALADO - OPERANDO")+('GRT Noroeste'!K6:K372="INSTALADO - SIN SEÑAL")>0)) -> 0 | G48: =SUMPRODUCT(((ISNUMBER('GRT Norte'!L6:L296))*('GRT Norte'!L6:L296=A48))*(('GRT Norte'!K6:K296="INSTALADO - OPERANDO")+('GRT Norte'!K6:K296="INSTALADO - SIN SEÑAL")>0)) -> 0 | H48: =SUMPRODUCT(((ISNUMBER('GRT Noreste'!L6:L262))*('GRT Noreste'!L6:L262=A48))*(('GRT Noreste'!K6:K262="INSTALADO - OPERANDO")+('GRT Noreste'!K6:K262="INSTALADO - SIN SEÑAL")>0)) -> 0 | I48: =SUMPRODUCT(((ISNUMBER('GRT Baja California'!L6:L281))*('GRT Baja California'!L6:L281=A48))*(('GRT Baja California'!K6:K281="INSTALADO - OPERANDO")+('GRT Baja California'!K6:K281="INSTALADO - SIN SEÑAL")>0)) -> 0 | J48: =SUM(B48:I48) -> 56 | K48: =K47+J48 -> 447 | L48: =IF(K48=0,"",K48/4230) -> 0.10567376
A49: 46141 | B49: =SUMPRODUCT(((ISNUMBER('GRT Central'!L6:L1135))*('GRT Central'!L6:L1135=A49))*(('GRT Central'!K6:K1135="INSTALADO - OPERANDO")+('GRT Central'!K6:K1135="INSTALADO - SIN SEÑAL")>0)) -> 47 | C49: =SUMPRODUCT(((ISNUMBER('GRT Occidente'!L6:L784))*('GRT Occidente'!L6:L784=A49))*(('GRT Occidente'!K6:K784="INSTALADO - OPERANDO")+('GRT Occidente'!K6:K784="INSTALADO - SIN SEÑAL")>0)) -> 1 | D49: =SUMPRODUCT(((ISNUMBER('GRT Oriente'!L6:L400))*('GRT Oriente'!L6:L400=A49))*(('GRT Oriente'!K6:K400="INSTALADO - OPERANDO")+('GRT Oriente'!K6:K400="INSTALADO - SIN SEÑAL")>0)) -> 0 | E49: =SUMPRODUCT(((ISNUMBER('GRT Valle de México'!L6:L740))*('GRT Valle de México'!L6:L740=A49))*(('GRT Valle de México'!K6:K740="INSTALADO - OPERANDO")+('GRT Valle de México'!K6:K740="INSTALADO - SIN SEÑAL")>0)) -> 4 | F49: =SUMPRODUCT(((ISNUMBER('GRT Noroeste'!L6:L372))*('GRT Noroeste'!L6:L372=A49))*(('GRT Noroeste'!K6:K372="INSTALADO - OPERANDO")+('GRT Noroeste'!K6:K372="INSTALADO - SIN SEÑAL")>0)) -> 0 | G49: =SUMPRODUCT(((ISNUMBER('GRT Norte'!L6:L296))*('GRT Norte'!L6:L296=A49))*(('GRT Norte'!K6:K296="INSTALADO - OPERANDO")+('GRT Norte'!K6:K296="INSTALADO - SIN SEÑAL")>0)) -> 0 | H49: =SUMPRODUCT(((ISNUMBER('GRT Noreste'!L6:L262))*('GRT Noreste'!L6:L262=A49))*(('GRT Noreste'!K6:K262="INSTALADO - OPERANDO")+('GRT Noreste'!K6:K262="INSTALADO - SIN SEÑAL")>0)) -> 0 | I49: =SUMPRODUCT(((ISNUMBER('GRT Baja California'!L6:L281))*('GRT Baja California'!L6:L281=A49))*(('GRT Baja California'!K6:K281="INSTALADO - OPERANDO")+('GRT Baja California'!K6:K281="INSTALADO - SIN SEÑAL")>0)) -> 1 | J49: =SUM(B49:I49) -> 53 | K49: =K48+J49 -> 500 | L49: =IF(K49=0,"",K49/4230) -> 0.11820331
A50: 46142 | B50: =SUMPRODUCT(((ISNUMBER('GRT Central'!L6:L1135))*('GRT Central'!L6:L1135=A50))*(('GRT Central'!K6:K1135="INSTALADO - OPERANDO")+('GRT Central'!K6:K1135="INSTALADO - SIN SEÑAL")>0)) -> 59 | C50: =SUMPRODUCT(((ISNUMBER('GRT Occidente'!L6:L784))*('GRT Occidente'!L6:L784=A50))*(('GRT Occidente'!K6:K784="INSTALADO - OPERANDO")+('GRT Occidente'!K6:K784="INSTALADO - SIN SEÑAL")>0)) -> 0 | D50: =SUMPRODUCT(((ISNUMBER('GRT Oriente'!L6:L400))*('GRT Oriente'!L6:L400=A50))*(('GRT Oriente'!K6:K400="INSTALADO - OPERANDO")+('GRT Oriente'!K6:K400="INSTALADO - SIN SEÑAL")>0)) -> 0 | E50: =SUMPRODUCT(((ISNUMBER('GRT Valle de México'!L6:L740))*('GRT Valle de México'!L6:L740=A50))*(('GRT Valle de México'!K6:K740="INSTALADO - OPERANDO")+('GRT Valle de México'!K6:K740="INSTALADO - SIN SEÑAL")>0)) -> 4 | F50: =SUMPRODUCT(((ISNUMBER('GRT Noroeste'!L6:L372))*('GRT Noroeste'!L6:L372=A50))*(('GRT Noroeste'!K6:K372="INSTALADO - OPERANDO")+('GRT Noroeste'!K6:K372="INSTALADO - SIN SEÑAL")>0)) -> 0 | G50: =SUMPRODUCT(((ISNUMBER('GRT Norte'!L6:L296))*('GRT Norte'!L6:L296=A50))*(('GRT Norte'!K6:K296="INSTALADO - OPERANDO")+('GRT Norte'!K6:K296="INSTALADO - SIN SEÑAL")>0)) -> 0 | H50: =SUMPRODUCT(((ISNUMBER('GRT Noreste'!L6:L262))*('GRT Noreste'!L6:L262=A50))*(('GRT Noreste'!K6:K262="INSTALADO - OPERANDO")+('GRT Noreste'!K6:K262="INSTALADO - SIN SEÑAL")>0)) -> 0 | I50: =SUMPRODUCT(((ISNUMBER('GRT Baja California'!L6:L281))*('GRT Baja California'!L6:L281=A50))*(('GRT Baja California'!K6:K281="INSTALADO - OPERANDO")+('GRT Baja California'!K6:K281="INSTALADO - SIN SEÑAL")>0)) -> 0 | J50: =SUM(B50:I50) -> 63 | K50: =K49+J50 -> 563 | L50: =IF(K50=0,"",K50/4230) -> 0.13309693
A51: 46143 | B51: =SUMPRODUCT(((ISNUMBER('GRT Central'!L6:L1135))*('GRT Central'!L6:L1135=A51))*(('GRT Central'!K6:K1135="INSTALADO - OPERANDO")+('GRT Central'!K6:K1135="INSTALADO - SIN SEÑAL")>0)) -> 23 | C51: =SUMPRODUCT(((ISNUMBER('GRT Occidente'!L6:L784))*('GRT Occidente'!L6:L784=A51))*(('GRT Occidente'!K6:K784="INSTALADO - OPERANDO")+('GRT Occidente'!K6:K784="INSTALADO - SIN SEÑAL")>0)) -> 0 | D51: =SUMPRODUCT(((ISNUMBER('GRT Oriente'!L6:L400))*('GRT Oriente'!L6:L400=A51))*(('GRT Oriente'!K6:K400="INSTALADO - OPERANDO")+('GRT Oriente'!K6:K400="INSTALADO - SIN SEÑAL")>0)) -> 0 | E51: =SUMPRODUCT(((ISNUMBER('GRT Valle de México'!L6:L740))*('GRT Valle de México'!L6:L740=A51))*(('GRT Valle de México'!K6:K740="INSTALADO - OPERANDO")+('GRT Valle de México'!K6:K740="INSTALADO - SIN SEÑAL")>0)) -> 0 | F51: =SUMPRODUCT(((ISNUMBER('GRT Noroeste'!L6:L372))*('GRT Noroeste'!L6:L372=A51))*(('GRT Noroeste'!K6:K372="INSTALADO - OPERANDO")+('GRT Noroeste'!K6:K372="INSTALADO - SIN SEÑAL")>0)) -> 0 | G51: =SUMPRODUCT(((ISNUMBER('GRT Norte'!L6:L296))*('GRT Norte'!L6:L296=A51))*(('GRT Norte'!K6:K296="INSTALADO - OPERANDO")+('GRT Norte'!K6:K296="INSTALADO - SIN SEÑAL")>0)) -> 0 | H51: =SUMPRODUCT(((ISNUMBER('GRT Noreste'!L6:L262))*('GRT Noreste'!L6:L262=A51))*(('GRT Noreste'!K6:K262="INSTALADO - OPERANDO")+('GRT Noreste'!K6:K262="INSTALADO - SIN SEÑAL")>0)) -> 0 | I51: =SUMPRODUCT(((ISNUMBER('GRT Baja California'!L6:L281))*('GRT Baja California'!L6:L281=A51))*(('GRT Baja California'!K6:K281="INSTALADO - OPERANDO")+('GRT Baja California'!K6:K281="INSTALADO - SIN SEÑAL")>0)) -> 0 | J51: =SUM(B51:I51) -> 23 | K51: =K50+J51 -> 586 | L51: =IF(K51=0,"",K51/4230) -> 0.13853428
A52: 46144 | B52: =SUMPRODUCT(((ISNUMBER('GRT Central'!L6:L1135))*('GRT Central'!L6:L1135=A52))*(('GRT Central'!K6:K1135="INSTALADO - OPERANDO")+('GRT Central'!K6:K1135="INSTALADO - SIN SEÑAL")>0)) -> 0 | C52: =SUMPRODUCT(((ISNUMBER('GRT Occidente'!L6:L784))*('GRT Occidente'!L6:L784=A52))*(('GRT Occidente'!K6:K784="INSTALADO - OPERANDO")+('GRT Occidente'!K6:K784="INSTALADO - SIN SEÑAL")>0)) -> 0 | D52: =SUMPRODUCT(((ISNUMBER('GRT Oriente'!L6:L400))*('GRT Oriente'!L6:L400=A52))*(('GRT Oriente'!K6:K400="INSTALADO - OPERANDO")+('GRT Oriente'!K6:K400="INSTALADO - SIN SEÑAL")>0)) -> 0 | E52: =SUMPRODUCT(((ISNUMBER('GRT Valle de México'!L6:L740))*('GRT Valle de México'!L6:L740=A52))*(('GRT Valle de México'!K6:K740="INSTALADO - OPERANDO")+('GRT Valle de México'!K6:K740="INSTALADO - SIN SEÑAL")>0)) -> 0 | F52: =SUMPRODUCT(((ISNUMBER('GRT Noroeste'!L6:L372))*('GRT Noroeste'!L6:L372=A52))*(('GRT Noroeste'!K6:K372="INSTALADO - OPERANDO")+('GRT Noroeste'!K6:K372="INSTALADO - SIN SEÑAL")>0)) -> 0 | G52: =SUMPRODUCT(((ISNUMBER('GRT Norte'!L6:L296))*('GRT Norte'!L6:L296=A52))*(('GRT Norte'!K6:K296="INSTALADO - OPERANDO")+('GRT Norte'!K6:K296="INSTALADO - SIN SEÑAL")>0)) -> 0 | H52: =SUMPRODUCT(((ISNUMBER('GRT Noreste'!L6:L262))*('GRT Noreste'!L6:L262=A52))*(('GRT Noreste'!K6:K262="INSTALADO - OPERANDO")+('GRT Noreste'!K6:K262="INSTALADO - SIN SEÑAL")>0)) -> 0 | I52: =SUMPRODUCT(((ISNUMBER('GRT Baja California'!L6:L281))*('GRT Baja California'!L6:L281=A52))*(('GRT Baja California'!K6:K281="INSTALADO - OPERANDO")+('GRT Baja California'!K6:K281="INSTALADO - SIN SEÑAL")>0)) -> 0 | J52: =SUM(B52:I52) -> 0 | K52: =K51+J52 -> 586 | L52: =IF(K52=0,"",K52/4230) -> 0.13853428
A53: 46145 | B53: =SUMPRODUCT(((ISNUMBER('GRT Central'!L6:L1135))*('GRT Central'!L6:L1135=A53))*(('GRT Central'!K6:K1135="INSTALADO - OPERANDO")+('GRT Central'!K6:K1135="INSTALADO - SIN SEÑAL")>0)) -> 0 | C53: =SUMPRODUCT(((ISNUMBER('GRT Occidente'!L6:L784))*('GRT Occidente'!L6:L784=A53))*(('GRT Occidente'!K6:K784="INSTALADO - OPERANDO")+('GRT Occidente'!K6:K784="INSTALADO - SIN SEÑAL")>0)) -> 0 | D53: =SUMPRODUCT(((ISNUMBER('GRT Oriente'!L6:L400))*('GRT Oriente'!L6:L400=A53))*(('GRT Oriente'!K6:K400="INSTALADO - OPERANDO")+('GRT Oriente'!K6:K400="INSTALADO - SIN SEÑAL")>0)) -> 0 | E53: =SUMPRODUCT(((ISNUMBER('GRT Valle de México'!L6:L740))*('GRT Valle de México'!L6:L740=A53))*(('GRT Valle de México'!K6:K740="INSTALADO - OPERANDO")+('GRT Valle de México'!K6:K740="INSTALADO - SIN SEÑAL")>0)) -> 0 | F53: =SUMPRODUCT(((ISNUMBER('GRT Noroeste'!L6:L372))*('GRT Noroeste'!L6:L372=A53))*(('GRT Noroeste'!K6:K372="INSTALADO - OPERANDO")+('GRT Noroeste'!K6:K372="INSTALADO - SIN SEÑAL")>0)) -> 0 | G53: =SUMPRODUCT(((ISNUMBER('GRT Norte'!L6:L296))*('GRT Norte'!L6:L296=A53))*(('GRT Norte'!K6:K296="INSTALADO - OPERANDO")+('GRT Norte'!K6:K296="INSTALADO - SIN SEÑAL")>0)) -> 0 | H53: =SUMPRODUCT(((ISNUMBER('GRT Noreste'!L6:L262))*('GRT Noreste'!L6:L262=A53))*(('GRT Noreste'!K6:K262="INSTALADO - OPERANDO")+('GRT Noreste'!K6:K262="INSTALADO - SIN SEÑAL")>0)) -> 0 | I53: =SUMPRODUCT(((ISNUMBER('GRT Baja California'!L6:L281))*('GRT Baja California'!L6:L281=A53))*(('GRT Baja California'!K6:K281="INSTALADO - OPERANDO")+('GRT Baja California'!K6:K281="INSTALADO - SIN SEÑAL")>0)) -> 0 | J53: =SUM(B53:I53) -> 0 | K53: =K52+J53 -> 586 | L53: =IF(K53=0,"",K53/4230) -> 0.13853428
A54: 46146 | B54: =SUMPRODUCT(((ISNUMBER('GRT Central'!L6:L1135))*('GRT Central'!L6:L1135=A54))*(('GRT Central'!K6:K1135="INSTALADO - OPERANDO")+('GRT Central'!K6:K1135="INSTALADO - SIN SEÑAL")>0)) -> 40 | C54: =SUMPRODUCT(((ISNUMBER('GRT Occidente'!L6:L784))*('GRT Occidente'!L6:L784=A54))*(('GRT Occidente'!K6:K784="INSTALADO - OPERANDO")+('GRT Occidente'!K6:K784="INSTALADO - SIN SEÑAL")>0)) -> 0 | D54: =SUMPRODUCT(((ISNUMBER('GRT Oriente'!L6:L400))*('GRT Oriente'!L6:L400=A54))*(('GRT Oriente'!K6:K400="INSTALADO - OPERANDO")+('GRT Oriente'!K6:K400="INSTALADO - SIN SEÑAL")>0)) -> 5 | E54: =SUMPRODUCT(((ISNUMBER('GRT Valle de México'!L6:L740))*('GRT Valle de México'!L6:L740=A54))*(('GRT Valle de México'!K6:K740="INSTALADO - OPERANDO")+('GRT Valle de México'!K6:K740="INSTALADO - SIN SEÑAL")>0)) -> 1 | F54: =SUMPRODUCT(((ISNUMBER('GRT Noroeste'!L6:L372))*('GRT Noroeste'!L6:L372=A54))*(('GRT Noroeste'!K6:K372="INSTALADO - OPERANDO")+('GRT Noroeste'!K6:K372="INSTALADO - SIN SEÑAL")>0)) -> 3 | G54: =SUMPRODUCT(((ISNUMBER('GRT Norte'!L6:L296))*('GRT Norte'!L6:L296=A54))*(('GRT Norte'!K6:K296="INSTALADO - OPERANDO")+('GRT Norte'!K6:K296="INSTALADO - SIN SEÑAL")>0)) -> 0 | H54: =SUMPRODUCT(((ISNUMBER('GRT Noreste'!L6:L262))*('GRT Noreste'!L6:L262=A54))*(('GRT Noreste'!K6:K262="INSTALADO - OPERANDO")+('GRT Noreste'!K6:K262="INSTALADO - SIN SEÑAL")>0)) -> 4 | I54: =SUMPRODUCT(((ISNUMBER('GRT Baja California'!L6:L281))*('GRT Baja California'!L6:L281=A54))*(('GRT Baja California'!K6:K281="INSTALADO - OPERANDO")+('GRT Baja California'!K6:K281="INSTALADO - SIN SEÑAL")>0)) -> 7 | J54: =SUM(B54:I54) -> 60 | K54: =K53+J54 -> 646 | L54: =IF(K54=0,"",K54/4230) -> 0.15271868
A55: 46147 | B55: =SUMPRODUCT(((ISNUMBER('GRT Central'!L6:L1135))*('GRT Central'!L6:L1135=A55))*(('GRT Central'!K6:K1135="INSTALADO - OPERANDO")+('GRT Central'!K6:K1135="INSTALADO - SIN SEÑAL")>0)) -> 43 | C55: =SUMPRODUCT(((ISNUMBER('GRT Occidente'!L6:L784))*('GRT Occidente'!L6:L784=A55))*(('GRT Occidente'!K6:K784="INSTALADO - OPERANDO")+('GRT Occidente'!K6:K784="INSTALADO - SIN SEÑAL")>0)) -> 9 | D55: =SUMPRODUCT(((ISNUMBER('GRT Oriente'!L6:L400))*('GRT Oriente'!L6:L400=A55))*(('GRT Oriente'!K6:K400="INSTALADO - OPERANDO")+('GRT Oriente'!K6:K400="INSTALADO - SIN SEÑAL")>0)) -> 17 | E55: =SUMPRODUCT(((ISNUMBER('GRT Valle de México'!L6:L740))*('GRT Valle de México'!L6:L740=A55))*(('GRT Valle de México'!K6:K740="INSTALADO - OPERANDO")+('GRT Valle de México'!K6:K740="INSTALADO - SIN SEÑAL")>0)) -> 3 | F55: =SUMPRODUCT(((ISNUMBER('GRT Noroeste'!L6:L372))*('GRT Noroeste'!L6:L372=A55))*(('GRT Noroeste'!K6:K372="INSTALADO - OPERANDO")+('GRT Noroeste'!K6:K372="INSTALADO - SIN SEÑAL")>0)) -> 7 | G55: =SUMPRODUCT(((ISNUMBER('GRT Norte'!L6:L296))*('GRT Norte'!L6:L296=A55))*(('GRT Norte'!K6:K296="INSTALADO - OPERANDO")+('GRT Norte'!K6:K296="INSTALADO - SIN SEÑAL")>0)) -> 0 | H55: =SUMPRODUCT(((ISNUMBER('GRT Noreste'!L6:L262))*('GRT Noreste'!L6:L262=A55))*(('GRT Noreste'!K6:K262="INSTALADO - OPERANDO")+('GRT Noreste'!K6:K262="INSTALADO - SIN SEÑAL")>0)) -> 0 | I55: =SUMPRODUCT(((ISNUMBER('GRT Baja California'!L6:L281))*('GRT Baja California'!L6:L281=A55))*(('GRT Baja California'!K6:K281="INSTALADO - OPERANDO")+('GRT Baja California'!K6:K281="INSTALADO - SIN SEÑAL")>0)) -> 8 | J55: =SUM(B55:I55) -> 87 | K55: =K54+J55 -> 733 | L55: =IF(K55=0,"",K55/4230) -> 0.17328605
A56: 46148 | B56: =SUMPRODUCT(((ISNUMBER('GRT Central'!L6:L1135))*('GRT Central'!L6:L1135=A56))*(('GRT Central'!K6:K1135="INSTALADO - OPERANDO")+('GRT Central'!K6:K1135="INSTALADO - SIN SEÑAL")>0)) -> 59 | C56: =SUMPRODUCT(((ISNUMBER('GRT Occidente'!L6:L784))*('GRT Occidente'!L6:L784=A56))*(('GRT Occidente'!K6:K784="INSTALADO - OPERANDO")+('GRT Occidente'!K6:K784="INSTALADO - SIN SEÑAL")>0)) -> 27 | D56: =SUMPRODUCT(((ISNUMBER('GRT Oriente'!L6:L400))*('GRT Oriente'!L6:L400=A56))*(('GRT Oriente'!K6:K400="INSTALADO - OPERANDO")+('GRT Oriente'!K6:K400="INSTALADO - SIN SEÑAL")>0)) -> 14 | E56: =SUMPRODUCT(((ISNUMBER('GRT Valle de México'!L6:L740))*('GRT Valle de México'!L6:L740=A56))*(('GRT Valle de México'!K6:K740="INSTALADO - OPERANDO")+('GRT Valle de México'!K6:K740="INSTALADO - SIN SEÑAL")>0)) -> 26 | F56: =SUMPRODUCT(((ISNUMBER('GRT Noroeste'!L6:L372))*('GRT Noroeste'!L6:L372=A56))*(('GRT Noroeste'!K6:K372="INSTALADO - OPERANDO")+('GRT Noroeste'!K6:K372="INSTALADO - SIN SEÑAL")>0)) -> 12 | G56: =SUMPRODUCT(((ISNUMBER('GRT Norte'!L6:L296))*('GRT Norte'!L6:L296=A56))*(('GRT Norte'!K6:K296="INSTALADO - OPERANDO")+('GRT Norte'!K6:K296="INSTALADO - SIN SEÑAL")>0)) -> 0 | H56: =SUMPRODUCT(((ISNUMBER('GRT Noreste'!L6:L262))*('GRT Noreste'!L6:L262=A56))*(('GRT Noreste'!K6:K262="INSTALADO - OPERANDO")+('GRT Noreste'!K6:K262="INSTALADO - SIN SEÑAL")>0)) -> 6 | I56: =SUMPRODUCT(((ISNUMBER('GRT Baja California'!L6:L281))*('GRT Baja California'!L6:L281=A56))*(('GRT Baja California'!K6:K281="INSTALADO - OPERANDO")+('GRT Baja California'!K6:K281="INSTALADO - SIN SEÑAL")>0)) -> 9 | J56: =SUM(B56:I56) -> 153 | K56: =K55+J56 -> 886 | L56: =IF(K56=0,"",K56/4230) -> 0.20945626
A57: 46149 | B57: =SUMPRODUCT(((ISNUMBER('GRT Central'!L6:L1135))*('GRT Central'!L6:L1135=A57))*(('GRT Central'!K6:K1135="INSTALADO - OPERANDO")+('GRT Central'!K6:K1135="INSTALADO - SIN SEÑAL")>0)) -> 60 | C57: =SUMPRODUCT(((ISNUMBER('GRT Occidente'!L6:L784))*('GRT Occidente'!L6:L784=A57))*(('GRT Occidente'!K6:K784="INSTALADO - OPERANDO")+('GRT Occidente'!K6:K784="INSTALADO - SIN SEÑAL")>0)) -> 35 | D57: =SUMPRODUCT(((ISNUMBER('GRT Oriente'!L6:L400))*('GRT Oriente'!L6:L400=A57))*(('GRT Oriente'!K6:K400="INSTALADO - OPERANDO")+('GRT Oriente'!K6:K400="INSTALADO - SIN SEÑAL")>0)) -> 19 | E57: =SUMPRODUCT(((ISNUMBER('GRT Valle de México'!L6:L740))*('GRT Valle de México'!L6:L740=A57))*(('GRT Valle de México'!K6:K740="INSTALADO - OPERANDO")+('GRT Valle de México'!K6:K740="INSTALADO - SIN SEÑAL")>0)) -> 24 | F57: =SUMPRODUCT(((ISNUMBER('GRT Noroeste'!L6:L372))*('GRT Noroeste'!L6:L372=A57))*(('GRT Noroeste'!K6:K372="INSTALADO - OPERANDO")+('GRT Noroeste'!K6:K372="INSTALADO - SIN SEÑAL")>0)) -> 13 | G57: =SUMPRODUCT(((ISNUMBER('GRT Norte'!L6:L296))*('GRT Norte'!L6:L296=A57))*(('GRT Norte'!K6:K296="INSTALADO - OPERANDO")+('GRT Norte'!K6:K296="INSTALADO - SIN SEÑAL")>0)) -> 2 | H57: =SUMPRODUCT(((ISNUMBER('GRT Noreste'!L6:L262))*('GRT Noreste'!L6:L262=A57))*(('GRT Noreste'!K6:K262="INSTALADO - OPERANDO")+('GRT Noreste'!K6:K262="INSTALADO - SIN SEÑAL")>0)) -> 6 | I57: =SUMPRODUCT(((ISNUMBER('GRT Baja California'!L6:L281))*('GRT Baja California'!L6:L281=A57))*(('GRT Baja California'!K6:K281="INSTALADO - OPERANDO")+('GRT Baja California'!K6:K281="INSTALADO - SIN SEÑAL")>0)) -> 7 | J57: =SUM(B57:I57) -> 166 | K57: =K56+J57 -> 1052 | L57: =IF(K57=0,"",K57/4230) -> 0.24869976
A58: 46150 | B58: =SUMPRODUCT(((ISNUMBER('GRT Central'!L6:L1135))*('GRT Central'!L6:L1135=A58))*(('GRT Central'!K6:K1135="INSTALADO - OPERANDO")+('GRT Central'!K6:K1135="INSTALADO - SIN SEÑAL")>0)) -> 64 | C58: =SUMPRODUCT(((ISNUMBER('GRT Occidente'!L6:L784))*('GRT Occidente'!L6:L784=A58))*(('GRT Occidente'!K6:K784="INSTALADO - OPERANDO")+('GRT Occidente'!K6:K784="INSTALADO - SIN SEÑAL")>0)) -> 22 | D58: =SUMPRODUCT(((ISNUMBER('GRT Oriente'!L6:L400))*('GRT Oriente'!L6:L400=A58))*(('GRT Oriente'!K6:K400="INSTALADO - OPERANDO")+('GRT Oriente'!K6:K400="INSTALADO - SIN SEÑAL")>0)) -> 18 | E58: =SUMPRODUCT(((ISNUMBER('GRT Valle de México'!L6:L740))*('GRT Valle de México'!L6:L740=A58))*(('GRT Valle de México'!K6:K740="INSTALADO - OPERANDO")+('GRT Valle de México'!K6:K740="INSTALADO - SIN SEÑAL")>0)) -> 6 | F58: =SUMPRODUCT(((ISNUMBER('GRT Noroeste'!L6:L372))*('GRT Noroeste'!L6:L372=A58))*(('GRT Noroeste'!K6:K372="INSTALADO - OPERANDO")+('GRT Noroeste'!K6:K372="INSTALADO - SIN SEÑAL")>0)) -> 17 | G58: =SUMPRODUCT(((ISNUMBER('GRT Norte'!L6:L296))*('GRT Norte'!L6:L296=A58))*(('GRT Norte'!K6:K296="INSTALADO - OPERANDO")+('GRT Norte'!K6:K296="INSTALADO - SIN SEÑAL")>0)) -> 7 | H58: =SUMPRODUCT(((ISNUMBER('GRT Noreste'!L6:L262))*('GRT Noreste'!L6:L262=A58))*(('GRT Noreste'!K6:K262="INSTALADO - OPERANDO")+('GRT Noreste'!K6:K262="INSTALADO - SIN SEÑAL")>0)) -> 10 | I58: =SUMPRODUCT(((ISNUMBER('GRT Baja California'!L6:L281))*('GRT Baja California'!L6:L281=A58))*(('GRT Baja California'!K6:K281="INSTALADO - OPERANDO")+('GRT Baja California'!K6:K281="INSTALADO - SIN SEÑAL")>0)) -> 10 | J58: =SUM(B58:I58) -> 154 | K58: =K57+J58 -> 1206 | L58: =IF(K58=0,"",K58/4230) -> 0.28510638
